Restaurant_ID,Restaurant_Name,City,Cuisine,Food_Item,Date,Prepared_Quantity,Sold_Quantity,Remaining_Quantity,Temperature_C,Weather,Weekend,Holiday,Discount_Percent,Customers,Waste_Amount_kg
R001,Spice Garden,Chennai,South Indian,Pongal,2025-05-06,107,102,5,25,Cloudy,No,No,20,121,1.09
R005,Green Bowl,Mumbai,South Indian,Dosa,2025-11-29,229,198,31,29,Sunny,Yes,No,10,102,5.61
R002,Urban Bites,Bengaluru,Italian,Pasta,2025-05-23,89,89,0,32,Sunny,No,No,15,54,0.0
R004,Food Hub,Coimbatore,South Indian,Meals,2025-02-10,191,175,16,33,Cloudy,No,No,25,195,4.68
R003,Ocean Treat,Hyderabad,South Indian,Dosa,2025-02-21,147,113,34,33,Sunny,No,No,10,53,9.87
R005,Green Bowl,Mumbai,North Indian,Biryani,2025-05-06,91,79,12,30,Rainy,No,No,25,44,2.61
R003,Ocean Treat,Hyderabad,South Indian,Dosa,2025-01-17,256,221,35,30,Sunny,No,No,20,128,8.65
R004,Food Hub,Coimbatore,North Indian,Naan,2025-03-13,113,84,29,39,Sunny,No,No,20,60,8.1
R003,Ocean Treat,Hyderabad,North Indian,Paneer Butter Masala,2025-09-18,176,99,77,23,Rainy,No,No,5,71,14.69
R004,Food Hub,Coimbatore,Italian,Pasta,2025-10-11,270,226,44,25,Cloudy,Yes,No,20,122,13.67
R003,Ocean Treat,Hyderabad,South Indian,Pongal,2025-08-11,90,53,37,30,Rainy,No,No,5,31,11.95
R005,Green Bowl,Mumbai,North Indian,Paneer Butter Masala,2025-07-11,245,183,62,38,Rainy,No,No,20,145,11.37
R003,Ocean Treat,Hyderabad,Chinese,Fried Rice,2025-01-30,111,108,3,24,Sunny,No,No,15,69,0.6
R004,Food Hub,Coimbatore,North Indian,Naan,2025-09-28,273,188,85,28,Rainy,Yes,No,25,106,25.6
R004,Food Hub,Coimbatore,Chinese,Noodles,2025-09-22,165,114,51,29,Sunny,No,No,0,102,9.8
R001,Spice Garden,Chennai,North Indian,Paneer Butter Masala,2025-01-17,270,218,52,38,Sunny,No,No,25,147,14.13
R005,Green Bowl,Mumbai,Italian,Pizza,2025-08-31,256,223,33,25,Sunny,Yes,No,15,110,6.24
R001,Spice Garden,Chennai,South Indian,Meals,2025-06-23,254,223,31,29,Sunny,No,No,20,156,7.8
R003,Ocean Treat,Hyderabad,Italian,Pizza,2025-02-08,163,163,0,39,Sunny,Yes,No,25,75,0.0
R002,Urban Bites,Bengaluru,North Indian,Naan,2025-09-06,173,129,44,34,Rainy,Yes,No,5,96,15.29
R003,Ocean Treat,Hyderabad,Italian,Pasta,2025-08-05,228,196,32,39,Cloudy,No,No,15,90,8.91
R005,Green Bowl,Mumbai,South Indian,Pongal,2025-01-30,62,56,6,38,Rainy,No,No,20,54,2.06
R001,Spice Garden,Chennai,North Indian,Paneer Butter Masala,2025-11-01,67,61,6,29,Sunny,Yes,No,20,36,1.51
R005,Green Bowl,Mumbai,Chinese,Noodles,2025-04-15,221,185,36,29,Sunny,No,No,5,106,8.32
R003,Ocean Treat,Hyderabad,South Indian,Idli,2025-08-23,209,165,44,25,Sunny,Yes,No,5,128,8.43
R002,Urban Bites,Bengaluru,Chinese,Noodles,2025-03-22,162,147,15,31,Cloudy,Yes,No,25,95,4.4
R005,Green Bowl,Mumbai,Chinese,Manchurian,2025-02-23,290,240,50,30,Sunny,Yes,No,0,200,10.79
R003,Ocean Treat,Hyderabad,North Indian,Biryani,2025-11-21,268,192,76,37,Sunny,No,No,0,206,19.15
R003,Ocean Treat,Hyderabad,South Indian,Idli,2025-06-20,247,189,58,30,Sunny,No,No,15,232,11.18
R002,Urban Bites,Bengaluru,South Indian,Pongal,2025-10-26,191,153,38,26,Sunny,Yes,No,10,74,11.98
R001,Spice Garden,Chennai,Chinese,Fried Rice,2025-12-16,113,109,4,33,Rainy,No,No,15,52,0.88
R002,Urban Bites,Bengaluru,North Indian,Naan,2025-01-13,95,67,28,32,Rainy,No,No,15,34,9.15
R002,Urban Bites,Bengaluru,Chinese,Fried Rice,2025-12-26,77,62,15,23,Rainy,No,No,5,48,4.79
R002,Urban Bites,Bengaluru,North Indian,Paneer Butter Masala,2025-12-04,99,98,1,30,Rainy,No,No,10,75,0.27
R005,Green Bowl,Mumbai,Chinese,Fried Rice,2025-03-01,274,247,27,27,Cloudy,Yes,No,10,192,8.47
R004,Food Hub,Coimbatore,South Indian,Meals,2025-10-23,98,86,12,35,Sunny,No,No,20,48,4.08
R002,Urban Bites,Bengaluru,Chinese,Noodles,2025-02-05,292,256,36,32,Cloudy,No,No,25,209,8.37
R004,Food Hub,Coimbatore,Chinese,Noodles,2025-12-23,125,84,41,28,Sunny,No,No,15,48,13.67
R005,Green Bowl,Mumbai,Chinese,Noodles,2025-10-08,263,234,29,31,Sunny,No,Yes,20,164,8.55
R005,Green Bowl,Mumbai,Italian,Pizza,2025-12-04,71,45,26,32,Sunny,No,No,5,25,5.67
R002,Urban Bites,Bengaluru,North Indian,Paneer Butter Masala,2025-01-24,112,71,41,24,Sunny,No,No,25,53,10.17
R002,Urban Bites,Bengaluru,South Indian,Idli,2025-08-06,106,77,29,38,Sunny,No,No,20,67,9.4
R004,Food Hub,Coimbatore,North Indian,Naan,2025-12-08,185,120,65,32,Rainy,No,No,15,79,20.88
R005,Green Bowl,Mumbai,Italian,Pizza,2025-09-01,165,95,70,29,Rainy,No,No,10,50,18.8
R002,Urban Bites,Bengaluru,Chinese,Noodles,2025-02-09,232,218,14,30,Sunny,Yes,No,20,163,2.88
R002,Urban Bites,Bengaluru,South Indian,Meals,2025-07-28,134,115,19,35,Sunny,No,No,15,85,5.91
R001,Spice Garden,Chennai,Italian,Pasta,2025-01-04,291,217,74,34,Rainy,Yes,No,15,113,24.61
R004,Food Hub,Coimbatore,North Indian,Naan,2025-08-12,174,156,18,32,Cloudy,No,Yes,15,86,5.81
R002,Urban Bites,Bengaluru,South Indian,Meals,2025-10-31,194,151,43,24,Cloudy,No,No,5,129,10.13
R004,Food Hub,Coimbatore,Chinese,Noodles,2025-07-14,121,83,38,35,Sunny,No,No,0,56,11.68
R001,Spice Garden,Chennai,Chinese,Fried Rice,2025-11-29,67,51,16,23,Rainy,Yes,No,5,50,3.22
R001,Spice Garden,Chennai,North Indian,Naan,2025-12-25,115,98,17,27,Cloudy,No,No,25,54,5.31
R002,Urban Bites,Bengaluru,Chinese,Fried Rice,2025-10-24,56,27,29,40,Cloudy,No,No,15,29,8.62
R002,Urban Bites,Bengaluru,South Indian,Pongal,2025-12-17,203,150,53,40,Rainy,No,No,10,97,15.5
R001,Spice Garden,Chennai,Chinese,Fried Rice,2025-08-04,260,207,53,35,Rainy,No,No,25,204,11.13
R005,Green Bowl,Mumbai,Chinese,Manchurian,2025-10-03,248,175,73,35,Rainy,No,No,20,148,23.71
R001,Spice Garden,Chennai,Chinese,Noodles,2025-05-05,242,206,36,34,Sunny,No,No,15,187,11.36
R003,Ocean Treat,Hyderabad,Chinese,Manchurian,2025-12-26,275,198,77,22,Cloudy,No,No,5,215,23.29
R004,Food Hub,Coimbatore,North Indian,Biryani,2025-09-01,215,139,76,36,Rainy,No,No,0,121,22.26
R003,Ocean Treat,Hyderabad,Italian,Pasta,2025-08-06,240,194,46,33,Cloudy,No,No,10,157,10.08
R002,Urban Bites,Bengaluru,Chinese,Fried Rice,2025-10-02,293,219,74,27,Sunny,No,No,25,101,19.92
R003,Ocean Treat,Hyderabad,South Indian,Dosa,2025-06-01,108,100,8,31,Sunny,Yes,No,20,102,1.5
R001,Spice Garden,Chennai,Chinese,Manchurian,2025-03-06,213,144,69,37,Sunny,No,No,0,101,14.58
R001,Spice Garden,Chennai,Chinese,Noodles,2025-02-28,260,234,26,37,Sunny,No,Yes,25,132,5.35
R005,Green Bowl,Mumbai,Chinese,Fried Rice,2025-05-08,80,69,11,35,Cloudy,No,No,20,48,2.81
R005,Green Bowl,Mumbai,Italian,Pasta,2025-10-19,208,194,14,25,Rainy,Yes,Yes,5,115,3.15
R001,Spice Garden,Chennai,North Indian,Paneer Butter Masala,2025-03-30,191,182,9,22,Sunny,Yes,Yes,25,161,2.7
R004,Food Hub,Coimbatore,South Indian,Dosa,2025-05-16,251,181,70,40,Cloudy,No,No,5,129,19.08
R002,Urban Bites,Bengaluru,Chinese,Fried Rice,2025-02-06,65,65,0,31,Cloudy,No,No,20,44,0.0
R004,Food Hub,Coimbatore,Chinese,Manchurian,2025-10-04,176,138,38,23,Rainy,Yes,No,25,110,8.46
R001,Spice Garden,Chennai,North Indian,Biryani,2025-10-22,200,128,72,30,Cloudy,No,No,5,61,15.18
R005,Green Bowl,Mumbai,Italian,Pasta,2025-02-16,170,145,25,32,Sunny,Yes,No,0,72,5.9
R004,Food Hub,Coimbatore,Chinese,Manchurian,2025-07-25,258,193,65,23,Sunny,No,No,10,102,21.26
R001,Spice Garden,Chennai,Italian,Pasta,2025-01-28,98,80,18,37,Cloudy,No,No,0,73,4.92
R003,Ocean Treat,Hyderabad,Italian,Pasta,2025-03-04,57,24,33,29,Cloudy,No,No,10,25,11.51
R001,Spice Garden,Chennai,Italian,Pizza,2025-11-28,263,191,72,31,Cloudy,No,No,10,138,18.87
R004,Food Hub,Coimbatore,North Indian,Naan,2025-10-10,87,73,14,38,Cloudy,No,No,5,38,3.51
R005,Green Bowl,Mumbai,Chinese,Fried Rice,2025-05-25,235,204,31,40,Cloudy,Yes,No,25,137,6.36
R005,Green Bowl,Mumbai,Italian,Pasta,2025-06-20,191,172,19,34,Sunny,No,No,10,151,4.66
R004,Food Hub,Coimbatore,South Indian,Pongal,2025-08-31,230,178,52,34,Sunny,Yes,No,25,93,15.12
R002,Urban Bites,Bengaluru,Italian,Pizza,2025-03-06,178,160,18,32,Rainy,No,No,15,194,3.68
R002,Urban Bites,Bengaluru,South Indian,Meals,2025-05-16,136,121,15,34,Cloudy,No,No,10,60,4.89
R004,Food Hub,Coimbatore,Chinese,Manchurian,2025-09-07,273,273,0,24,Sunny,Yes,No,25,147,0.0
R001,Spice Garden,Chennai,South Indian,Meals,2025-03-27,227,145,82,22,Sunny,No,No,0,119,19.99
R002,Urban Bites,Bengaluru,North Indian,Biryani,2025-07-30,194,134,60,27,Sunny,No,No,0,76,15.88
R005,Green Bowl,Mumbai,North Indian,Paneer Butter Masala,2025-08-25,213,167,46,30,Cloudy,No,No,15,81,13.58
R002,Urban Bites,Bengaluru,South Indian,Meals,2025-06-26,200,171,29,35,Cloudy,No,No,15,127,7.6
R002,Urban Bites,Bengaluru,Italian,Pasta,2025-10-22,125,95,30,31,Sunny,No,No,25,70,5.44
R001,Spice Garden,Chennai,Italian,Pasta,2025-04-28,205,170,35,29,Cloudy,No,No,20,90,10.35
R002,Urban Bites,Bengaluru,South Indian,Idli,2025-06-08,251,233,18,40,Sunny,Yes,No,5,251,4.14
R004,Food Hub,Coimbatore,North Indian,Paneer Butter Masala,2025-03-09,251,213,38,33,Cloudy,Yes,No,10,108,9.95
R003,Ocean Treat,Hyderabad,Chinese,Fried Rice,2025-08-28,296,241,55,29,Rainy,No,Yes,25,138,13.62
R005,Green Bowl,Mumbai,Chinese,Fried Rice,2025-07-22,53,43,10,25,Sunny,No,No,25,32,2.89
R003,Ocean Treat,Hyderabad,South Indian,Dosa,2025-08-30,56,39,17,39,Sunny,Yes,No,20,35,3.24
R004,Food Hub,Coimbatore,Chinese,Manchurian,2025-07-29,79,73,6,23,Sunny,No,No,15,47,1.48
R003,Ocean Treat,Hyderabad,Italian,Pizza,2025-08-01,217,170,47,37,Cloudy,No,No,10,200,11.42
R004,Food Hub,Coimbatore,Italian,Pizza,2025-07-05,75,58,17,33,Cloudy,Yes,No,25,54,3.41
R004,Food Hub,Coimbatore,South Indian,Dosa,2025-11-25,213,171,42,22,Sunny,No,No,10,149,8.46
R005,Green Bowl,Mumbai,North Indian,Paneer Butter Masala,2025-10-11,103,90,13,29,Sunny,Yes,No,5,75,4.51
R002,Urban Bites,Bengaluru,Chinese,Fried Rice,2025-02-26,219,144,75,26,Sunny,No,No,5,88,13.7
R003,Ocean Treat,Hyderabad,South Indian,Dosa,2025-08-04,184,130,54,24,Sunny,No,No,10,86,18.4
R001,Spice Garden,Chennai,Chinese,Noodles,2025-11-26,296,251,45,37,Rainy,No,Yes,15,142,11.85
R004,Food Hub,Coimbatore,South Indian,Idli,2025-06-14,205,166,39,26,Sunny,Yes,No,25,124,10.98
R003,Ocean Treat,Hyderabad,Italian,Pasta,2025-02-20,253,177,76,39,Cloudy,No,No,5,126,25.15
R004,Food Hub,Coimbatore,Chinese,Noodles,2025-07-24,156,128,28,32,Sunny,No,No,25,72,7.3
R001,Spice Garden,Chennai,South Indian,Idli,2025-08-10,74,74,0,33,Rainy,Yes,No,20,83,0.0
R005,Green Bowl,Mumbai,Chinese,Manchurian,2025-03-04,155,127,28,35,Rainy,No,No,25,102,5.53
R005,Green Bowl,Mumbai,North Indian,Paneer Butter Masala,2025-12-03,173,147,26,25,Sunny,No,No,20,111,8.05
R005,Green Bowl,Mumbai,North Indian,Naan,2025-10-15,299,253,46,39,Sunny,No,No,25,240,13.78
R003,Ocean Treat,Hyderabad,Chinese,Noodles,2025-01-04,96,69,27,40,Cloudy,Yes,No,0,69,7.77
R001,Spice Garden,Chennai,South Indian,Dosa,2025-07-12,157,126,31,27,Sunny,Yes,No,25,77,10.24
R002,Urban Bites,Bengaluru,North Indian,Biryani,2025-01-26,222,222,0,36,Cloudy,Yes,No,15,134,0.0
R002,Urban Bites,Bengaluru,South Indian,Pongal,2025-08-09,78,67,11,40,Sunny,Yes,No,25,30,2.08
R002,Urban Bites,Bengaluru,Chinese,Fried Rice,2025-03-12,245,213,32,32,Sunny,No,No,15,115,6.72
R004,Food Hub,Coimbatore,North Indian,Biryani,2025-10-14,263,221,42,33,Sunny,No,No,25,105,13.72
R005,Green Bowl,Mumbai,Italian,Pasta,2025-12-30,213,160,53,25,Sunny,No,No,10,153,18.08
R004,Food Hub,Coimbatore,Chinese,Fried Rice,2025-08-12,266,247,19,35,Cloudy,No,No,20,133,4.14
R002,Urban Bites,Bengaluru,South Indian,Idli,2025-09-29,180,163,17,33,Sunny,No,No,25,83,3.74
R002,Urban Bites,Bengaluru,Chinese,Fried Rice,2025-03-30,204,160,44,24,Sunny,Yes,No,25,85,11.28
R005,Green Bowl,Mumbai,Chinese,Manchurian,2025-06-11,88,66,22,37,Sunny,No,No,10,34,6.17
R003,Ocean Treat,Hyderabad,South Indian,Pongal,2025-08-25,165,101,64,33,Rainy,No,Yes,0,109,17.98
R004,Food Hub,Coimbatore,Italian,Pizza,2025-08-19,282,201,81,28,Sunny,No,No,15,133,27.77
R004,Food Hub,Coimbatore,South Indian,Pongal,2025-02-13,179,166,13,23,Sunny,No,No,15,100,3.14
R003,Ocean Treat,Hyderabad,Italian,Pasta,2025-06-23,223,166,57,32,Sunny,No,No,0,104,14.01
R003,Ocean Treat,Hyderabad,North Indian,Naan,2025-02-11,199,160,39,33,Sunny,No,No,25,97,13.24
R003,Ocean Treat,Hyderabad,Italian,Pasta,2025-03-07,221,169,52,38,Sunny,No,No,25,121,12.56
R003,Ocean Treat,Hyderabad,Chinese,Fried Rice,2025-04-20,137,120,17,37,Sunny,Yes,No,5,63,4.53
R005,Green Bowl,Mumbai,South Indian,Pongal,2025-11-13,83,79,4,26,Sunny,No,No,25,42,1.27
R002,Urban Bites,Bengaluru,Italian,Pizza,2025-07-30,143,101,42,29,Rainy,No,No,20,70,11.37
R003,Ocean Treat,Hyderabad,Italian,Pizza,2025-07-08,223,191,32,36,Sunny,No,No,10,101,8.5
R004,Food Hub,Coimbatore,North Indian,Paneer Butter Masala,2025-11-06,85,57,28,23,Cloudy,No,No,10,28,9.09
R003,Ocean Treat,Hyderabad,South Indian,Dosa,2025-05-20,165,108,57,26,Rainy,No,No,0,50,12.41
R004,Food Hub,Coimbatore,Chinese,Fried Rice,2025-08-01,63,44,19,33,Sunny,No,No,0,20,6.13
R003,Ocean Treat,Hyderabad,North Indian,Paneer Butter Masala,2025-01-20,123,94,29,37,Cloudy,No,No,5,50,7.53
R005,Green Bowl,Mumbai,South Indian,Idli,2025-01-10,115,83,32,26,Cloudy,No,No,25,43,7.05
R001,Spice Garden,Chennai,South Indian,Dosa,2025-08-03,213,183,30,36,Sunny,Yes,No,15,111,5.48
R005,Green Bowl,Mumbai,North Indian,Biryani,2025-03-15,124,121,3,33,Sunny,Yes,No,15,78,0.72
R005,Green Bowl,Mumbai,South Indian,Meals,2025-08-29,61,61,0,33,Sunny,No,No,0,46,0.0
R002,Urban Bites,Bengaluru,South Indian,Pongal,2025-03-10,61,51,10,32,Rainy,No,No,5,23,2.61
R002,Urban Bites,Bengaluru,North Indian,Paneer Butter Masala,2025-08-23,59,24,35,23,Rainy,Yes,No,0,19,8.14
R004,Food Hub,Coimbatore,Italian,Pasta,2025-01-19,242,209,33,31,Sunny,Yes,No,0,214,8.0
R004,Food Hub,Coimbatore,Italian,Pasta,2025-06-23,299,238,61,37,Sunny,No,No,20,202,11.84
R004,Food Hub,Coimbatore,South Indian,Meals,2025-11-05,260,189,71,31,Sunny,No,No,0,132,21.44
R002,Urban Bites,Bengaluru,Italian,Pasta,2025-08-17,60,60,0,33,Cloudy,Yes,No,15,50,0.0
R001,Spice Garden,Chennai,South Indian,Meals,2025-07-06,181,148,33,27,Rainy,Yes,No,5,104,6.65
R002,Urban Bites,Bengaluru,Chinese,Noodles,2025-07-16,293,201,92,26,Cloudy,No,No,10,152,28.49
R005,Green Bowl,Mumbai,North Indian,Biryani,2025-07-07,151,122,29,30,Sunny,No,No,0,80,9.72
R001,Spice Garden,Chennai,Chinese,Noodles,2025-12-27,164,150,14,31,Cloudy,Yes,No,15,138,2.84
R001,Spice Garden,Chennai,Italian,Pizza,2025-08-16,72,72,0,32,Cloudy,Yes,No,25,35,0.0
R002,Urban Bites,Bengaluru,Chinese,Manchurian,2025-04-25,81,74,7,26,Sunny,No,No,15,88,1.92
R003,Ocean Treat,Hyderabad,Italian,Pizza,2025-11-10,276,225,51,31,Sunny,No,No,25,119,16.32
R001,Spice Garden,Chennai,North Indian,Naan,2025-11-25,68,38,30,38,Sunny,No,No,20,22,6.33
R002,Urban Bites,Bengaluru,Italian,Pizza,2025-03-05,182,156,26,27,Sunny,No,No,25,102,5.94
R001,Spice Garden,Chennai,Chinese,Fried Rice,2025-11-22,294,294,0,26,Cloudy,Yes,No,20,190,0.0
R002,Urban Bites,Bengaluru,North Indian,Paneer Butter Masala,2025-12-04,209,185,24,32,Rainy,No,No,20,202,8.19
R005,Green Bowl,Mumbai,Chinese,Manchurian,2025-04-18,246,211,35,22,Sunny,No,No,25,134,10.12
R003,Ocean Treat,Hyderabad,Italian,Pizza,2025-12-17,153,98,55,24,Cloudy,No,No,5,90,15.57
R003,Ocean Treat,Hyderabad,Chinese,Manchurian,2025-06-26,299,230,69,33,Cloudy,No,No,0,184,17.89
R003,Ocean Treat,Hyderabad,Italian,Pizza,2025-03-14,74,63,11,34,Rainy,No,Yes,15,61,2.59
R005,Green Bowl,Mumbai,Chinese,Fried Rice,2025-03-23,177,176,1,36,Sunny,Yes,No,10,117,0.2
R004,Food Hub,Coimbatore,Italian,Pizza,2025-04-21,199,181,18,23,Sunny,No,No,20,124,4.88
R001,Spice Garden,Chennai,Italian,Pizza,2025-05-16,236,181,55,34,Sunny,No,No,15,207,15.15
R003,Ocean Treat,Hyderabad,Chinese,Fried Rice,2025-07-17,179,145,34,39,Sunny,No,No,20,66,8.4
R003,Ocean Treat,Hyderabad,Chinese,Fried Rice,2025-04-12,204,162,42,38,Sunny,Yes,No,0,163,9.94
R004,Food Hub,Coimbatore,Italian,Pizza,2025-11-07,278,210,68,32,Rainy,No,No,10,114,15.7
R003,Ocean Treat,Hyderabad,Italian,Pasta,2025-09-01,258,258,0,32,Cloudy,No,Yes,15,159,0.0
R001,Spice Garden,Chennai,Italian,Pasta,2025-12-02,250,223,27,40,Cloudy,No,No,25,145,8.17
R004,Food Hub,Coimbatore,North Indian,Biryani,2025-05-05,58,53,5,25,Sunny,No,No,15,42,1.03
R002,Urban Bites,Bengaluru,Italian,Pasta,2025-02-01,230,194,36,28,Cloudy,Yes,No,25,90,9.29
R005,Green Bowl,Mumbai,Chinese,Manchurian,2025-07-01,223,169,54,30,Cloudy,No,No,5,78,12.28
R003,Ocean Treat,Hyderabad,North Indian,Naan,2025-05-28,230,139,91,37,Sunny,No,No,10,76,20.83
R005,Green Bowl,Mumbai,Italian,Pasta,2025-06-26,294,207,87,26,Sunny,No,No,10,96,16.83
R004,Food Hub,Coimbatore,Chinese,Manchurian,2025-09-03,104,83,21,39,Sunny,No,No,20,49,5.87
R002,Urban Bites,Bengaluru,South Indian,Dosa,2025-11-23,109,102,7,35,Sunny,Yes,Yes,15,108,2.18
R001,Spice Garden,Chennai,North Indian,Naan,2025-12-01,289,217,72,37,Sunny,No,No,5,180,13.68
R001,Spice Garden,Chennai,North Indian,Biryani,2025-01-20,283,177,106,35,Rainy,No,No,5,83,19.73
R004,Food Hub,Coimbatore,Italian,Pizza,2025-05-29,274,245,29,31,Cloudy,No,Yes,0,170,8.38
R005,Green Bowl,Mumbai,Italian,Pizza,2025-09-16,169,134,35,25,Sunny,No,No,25,92,7.83
R002,Urban Bites,Bengaluru,South Indian,Pongal,2025-06-01,195,195,0,28,Sunny,Yes,No,25,128,0.0
R001,Spice Garden,Chennai,North Indian,Paneer Butter Masala,2025-09-02,132,82,50,22,Sunny,No,No,5,57,11.27
R003,Ocean Treat,Hyderabad,Chinese,Manchurian,2025-10-21,52,30,22,33,Cloudy,No,No,0,29,6.53
R003,Ocean Treat,Hyderabad,South Indian,Pongal,2025-07-08,207,157,50,26,Sunny,No,No,15,85,14.15
R004,Food Hub,Coimbatore,Italian,Pizza,2025-05-07,224,184,40,24,Cloudy,No,No,20,115,7.62
R005,Green Bowl,Mumbai,North Indian,Biryani,2025-10-02,88,67,21,38,Sunny,No,No,25,61,5.86
R001,Spice Garden,Chennai,Italian,Pizza,2025-08-21,83,42,41,36,Cloudy,No,No,20,23,10.14
R001,Spice Garden,Chennai,North Indian,Biryani,2025-02-07,61,52,9,24,Cloudy,No,No,0,24,1.73
R004,Food Hub,Coimbatore,South Indian,Pongal,2025-07-29,96,47,49,35,Sunny,No,No,15,35,9.49
R005,Green Bowl,Mumbai,North Indian,Biryani,2025-06-28,80,77,3,39,Sunny,Yes,No,5,42,0.65
R001,Spice Garden,Chennai,South Indian,Pongal,2025-08-26,222,166,56,35,Cloudy,No,No,5,139,19.0
R001,Spice Garden,Chennai,South Indian,Meals,2025-11-11,246,198,48,22,Sunny,No,No,0,210,8.91
R005,Green Bowl,Mumbai,South Indian,Dosa,2025-01-23,152,144,8,39,Sunny,No,No,0,127,2.69
R005,Green Bowl,Mumbai,Chinese,Manchurian,2025-11-03,247,221,26,32,Sunny,No,No,5,101,6.98
R004,Food Hub,Coimbatore,Chinese,Noodles,2025-02-01,192,170,22,27,Cloudy,Yes,No,15,132,6.37
R004,Food Hub,Coimbatore,Chinese,Manchurian,2025-08-02,154,138,16,34,Sunny,Yes,No,20,94,5.19
R003,Ocean Treat,Hyderabad,North Indian,Naan,2025-01-30,193,135,58,35,Cloudy,No,No,5,106,11.22
R004,Food Hub,Coimbatore,Chinese,Fried Rice,2025-10-02,235,202,33,23,Sunny,No,No,25,122,6.16
R001,Spice Garden,Chennai,North Indian,Biryani,2025-12-10,193,118,75,28,Rainy,No,No,10,107,15.92
R001,Spice Garden,Chennai,Italian,Pizza,2025-12-23,204,184,20,34,Rainy,No,No,20,147,4.56
R004,Food Hub,Coimbatore,Chinese,Noodles,2025-05-14,142,89,53,37,Sunny,No,No,25,42,12.88
R004,Food Hub,Coimbatore,South Indian,Dosa,2025-03-16,54,54,0,40,Cloudy,Yes,No,15,44,0.0
R002,Urban Bites,Bengaluru,Italian,Pizza,2025-09-13,190,190,0,32,Sunny,Yes,No,15,127,0.0
R003,Ocean Treat,Hyderabad,North Indian,Paneer Butter Masala,2025-10-07,175,112,63,39,Rainy,No,No,0,73,20.33
R001,Spice Garden,Chennai,South Indian,Idli,2025-07-31,85,81,4,29,Sunny,No,No,5,61,1.14
R005,Green Bowl,Mumbai,Italian,Pasta,2025-01-09,51,43,8,35,Sunny,No,No,20,23,2.17
R003,Ocean Treat,Hyderabad,South Indian,Meals,2025-04-02,77,49,28,38,Sunny,No,No,5,37,8.82
R001,Spice Garden,Chennai,Chinese,Noodles,2025-08-24,194,153,41,29,Sunny,Yes,No,0,89,13.36
R001,Spice Garden,Chennai,South Indian,Meals,2025-07-14,146,129,17,23,Cloudy,No,No,25,91,5.33
R005,Green Bowl,Mumbai,South Indian,Idli,2025-04-28,104,93,11,40,Sunny,No,No,0,44,3.26
R003,Ocean Treat,Hyderabad,South Indian,Dosa,2025-06-11,54,54,0,40,Sunny,No,No,25,44,0.0
R005,Green Bowl,Mumbai,Italian,Pasta,2025-07-16,243,151,92,24,Cloudy,No,No,10,172,23.4
R001,Spice Garden,Chennai,Chinese,Manchurian,2025-11-11,294,223,71,32,Sunny,No,No,10,199,19.46
R004,Food Hub,Coimbatore,Italian,Pizza,2025-12-15,199,117,82,24,Rainy,No,No,10,61,24.7
R001,Spice Garden,Chennai,Chinese,Fried Rice,2025-07-14,232,169,63,26,Cloudy,No,No,10,79,16.1
R003,Ocean Treat,Hyderabad,South Indian,Dosa,2025-02-14,97,85,12,39,Cloudy,No,No,15,89,2.34
R005,Green Bowl,Mumbai,South Indian,Pongal,2025-07-17,53,53,0,34,Rainy,No,No,25,24,0.0
R002,Urban Bites,Bengaluru,Italian,Pizza,2025-03-13,118,69,49,37,Sunny,No,No,5,48,12.33
R004,Food Hub,Coimbatore,South Indian,Pongal,2025-05-09,291,210,81,37,Cloudy,No,No,5,259,20.03
R005,Green Bowl,Mumbai,Italian,Pasta,2025-08-14,135,114,21,26,Sunny,No,No,20,53,4.5
R003,Ocean Treat,Hyderabad,North Indian,Naan,2025-06-13,124,77,47,37,Rainy,No,No,5,40,11.38
R005,Green Bowl,Mumbai,North Indian,Biryani,2025-10-07,96,90,6,39,Sunny,No,No,25,62,1.8
R004,Food Hub,Coimbatore,Chinese,Manchurian,2025-02-05,259,186,73,35,Cloudy,No,No,5,108,22.02
R004,Food Hub,Coimbatore,South Indian,Meals,2025-11-03,172,134,38,39,Cloudy,No,No,25,96,7.08
R003,Ocean Treat,Hyderabad,South Indian,Idli,2025-05-08,218,143,75,27,Cloudy,No,No,0,83,25.83
R003,Ocean Treat,Hyderabad,Italian,Pizza,2025-01-06,75,53,22,38,Cloudy,No,No,20,32,6.11
R004,Food Hub,Coimbatore,Chinese,Noodles,2025-08-26,247,172,75,38,Sunny,No,No,0,82,14.59
R002,Urban Bites,Bengaluru,Chinese,Noodles,2025-06-25,166,139,27,38,Sunny,No,No,15,148,8.17
R004,Food Hub,Coimbatore,Chinese,Fried Rice,2025-06-03,61,32,29,25,Sunny,No,No,10,31,10.07
R002,Urban Bites,Bengaluru,North Indian,Biryani,2025-03-23,134,103,31,36,Sunny,Yes,No,15,61,6.56
R004,Food Hub,Coimbatore,Italian,Pizza,2025-11-11,276,204,72,40,Sunny,No,No,0,110,22.86
R001,Spice Garden,Chennai,South Indian,Dosa,2025-07-07,133,100,33,25,Sunny,No,No,15,64,9.53
R005,Green Bowl,Mumbai,Italian,Pasta,2025-10-28,79,62,17,36,Cloudy,No,No,25,37,3.3
R002,Urban Bites,Bengaluru,Chinese,Fried Rice,2025-05-03,128,104,24,33,Cloudy,Yes,No,20,77,6.75
R005,Green Bowl,Mumbai,Italian,Pasta,2025-04-06,174,156,18,27,Cloudy,Yes,No,15,78,5.14
R003,Ocean Treat,Hyderabad,South Indian,Meals,2025-03-11,99,91,8,39,Cloudy,No,No,15,66,2.11
R004,Food Hub,Coimbatore,Italian,Pizza,2025-02-12,194,166,28,29,Sunny,No,Yes,10,87,7.73
R004,Food Hub,Coimbatore,South Indian,Idli,2025-05-18,248,218,30,33,Cloudy,Yes,No,0,116,7.65
R002,Urban Bites,Bengaluru,Italian,Pizza,2025-12-01,242,185,57,23,Sunny,No,No,10,91,11.4
R002,Urban Bites,Bengaluru,North Indian,Biryani,2025-10-29,226,164,62,35,Sunny,No,No,5,86,19.73
R001,Spice Garden,Chennai,Chinese,Manchurian,2025-05-24,202,148,54,32,Rainy,Yes,No,10,73,18.77
R001,Spice Garden,Chennai,North Indian,Naan,2025-01-31,120,101,19,26,Cloudy,No,No,5,87,5.72
R002,Urban Bites,Bengaluru,Italian,Pasta,2025-03-14,197,127,70,35,Sunny,No,No,0,136,18.74
R003,Ocean Treat,Hyderabad,Chinese,Noodles,2025-09-07,133,98,35,24,Cloudy,Yes,No,15,58,10.45
R001,Spice Garden,Chennai,Italian,Pizza,2025-08-08,261,185,76,30,Sunny,No,No,10,116,19.95
R003,Ocean Treat,Hyderabad,South Indian,Idli,2025-02-20,210,174,36,36,Sunny,No,No,5,122,6.48
R004,Food Hub,Coimbatore,North Indian,Biryani,2025-03-09,275,218,57,27,Rainy,Yes,No,10,238,16.7
R002,Urban Bites,Bengaluru,South Indian,Meals,2025-11-17,128,103,25,29,Sunny,No,No,0,57,4.5
R004,Food Hub,Coimbatore,South Indian,Dosa,2025-10-31,107,84,23,36,Sunny,No,No,25,41,6.85
R004,Food Hub,Coimbatore,South Indian,Dosa,2025-07-16,72,60,12,25,Sunny,No,No,10,29,2.44
R002,Urban Bites,Bengaluru,North Indian,Paneer Butter Masala,2025-09-29,194,186,8,27,Sunny,No,Yes,25,89,2.28
R004,Food Hub,Coimbatore,North Indian,Paneer Butter Masala,2025-02-21,85,85,0,40,Cloudy,No,No,10,39,0.0
R002,Urban Bites,Bengaluru,North Indian,Naan,2025-11-27,71,71,0,31,Rainy,No,No,25,35,0.0
R005,Green Bowl,Mumbai,North Indian,Biryani,2025-07-20,125,108,17,29,Sunny,Yes,No,0,94,4.9
R001,Spice Garden,Chennai,South Indian,Pongal,2025-06-12,83,58,25,40,Sunny,No,No,20,27,7.77
R001,Spice Garden,Chennai,South Indian,Idli,2025-05-15,105,66,39,23,Rainy,No,Yes,15,43,11.19
R005,Green Bowl,Mumbai,Italian,Pasta,2025-12-26,152,111,41,39,Cloudy,No,No,5,73,8.8
R002,Urban Bites,Bengaluru,Chinese,Noodles,2025-10-28,212,188,24,24,Sunny,No,No,15,103,7.77
R001,Spice Garden,Chennai,North Indian,Paneer Butter Masala,2025-08-11,79,60,19,23,Sunny,No,No,25,73,3.86
R001,Spice Garden,Chennai,North Indian,Naan,2025-06-27,183,129,54,30,Sunny,No,No,5,69,17.74
R001,Spice Garden,Chennai,South Indian,Pongal,2025-08-08,119,86,33,30,Cloudy,No,No,20,56,6.25
R005,Green Bowl,Mumbai,North Indian,Naan,2025-03-22,115,82,33,40,Cloudy,Yes,No,0,73,8.79
R001,Spice Garden,Chennai,South Indian,Dosa,2025-01-24,170,96,74,26,Sunny,No,No,0,52,18.6
R003,Ocean Treat,Hyderabad,North Indian,Naan,2025-06-13,119,87,32,40,Sunny,No,No,20,49,6.05
R002,Urban Bites,Bengaluru,South Indian,Meals,2025-02-05,274,174,100,31,Rainy,No,No,10,214,21.41
R005,Green Bowl,Mumbai,Chinese,Manchurian,2025-11-15,112,100,12,40,Rainy,Yes,No,5,54,3.27
R002,Urban Bites,Bengaluru,North Indian,Paneer Butter Masala,2025-07-29,56,56,0,33,Cloudy,No,No,25,69,0.0
R003,Ocean Treat,Hyderabad,South Indian,Dosa,2025-09-29,110,48,62,23,Rainy,No,No,5,26,12.14
R002,Urban Bites,Bengaluru,Italian,Pasta,2025-08-23,299,238,61,40,Sunny,Yes,No,5,146,11.63
R002,Urban Bites,Bengaluru,North Indian,Naan,2025-05-14,267,210,57,34,Cloudy,No,No,25,167,14.65
R002,Urban Bites,Bengaluru,South Indian,Dosa,2025-03-11,249,174,75,25,Sunny,No,No,5,179,18.07
R002,Urban Bites,Bengaluru,Italian,Pasta,2025-08-26,117,101,16,24,Sunny,No,No,25,82,4.8
R005,Green Bowl,Mumbai,South Indian,Dosa,2025-06-17,87,42,45,29,Rainy,No,No,15,36,15.68
R001,Spice Garden,Chennai,Italian,Pasta,2025-10-12,241,198,43,25,Sunny,Yes,No,5,204,8.19
R002,Urban Bites,Bengaluru,North Indian,Paneer Butter Masala,2025-07-25,145,113,32,24,Cloudy,No,No,10,51,6.84
R004,Food Hub,Coimbatore,North Indian,Paneer Butter Masala,2025-06-19,81,72,9,36,Sunny,No,Yes,20,51,2.73
R004,Food Hub,Coimbatore,South Indian,Meals,2025-12-16,159,100,59,28,Rainy,No,No,10,117,16.83
R002,Urban Bites,Bengaluru,Chinese,Noodles,2025-07-30,275,258,17,23,Sunny,No,No,15,260,3.64
R005,Green Bowl,Mumbai,North Indian,Biryani,2025-10-06,253,168,85,34,Rainy,No,Yes,10,131,23.47
R003,Ocean Treat,Hyderabad,Italian,Pasta,2025-04-03,56,45,11,29,Sunny,No,No,10,51,3.83
R005,Green Bowl,Mumbai,Chinese,Manchurian,2025-04-30,299,198,101,29,Cloudy,No,No,10,108,31.3
R002,Urban Bites,Bengaluru,Italian,Pasta,2025-03-30,95,73,22,32,Rainy,Yes,No,25,56,6.17
R003,Ocean Treat,Hyderabad,North Indian,Biryani,2025-04-07,264,191,73,37,Cloudy,No,No,5,169,15.86
R005,Green Bowl,Mumbai,Italian,Pizza,2025-06-19,284,213,71,26,Sunny,No,No,5,102,22.97
R003,Ocean Treat,Hyderabad,South Indian,Idli,2025-03-17,200,174,26,26,Rainy,No,No,20,131,8.84
R004,Food Hub,Coimbatore,South Indian,Pongal,2025-06-04,132,80,52,27,Cloudy,No,No,15,41,17.85
R003,Ocean Treat,Hyderabad,North Indian,Biryani,2025-10-15,227,194,33,33,Sunny,No,No,20,106,7.59
R002,Urban Bites,Bengaluru,South Indian,Meals,2025-10-18,58,34,24,32,Rainy,Yes,No,20,30,6.63
R004,Food Hub,Coimbatore,North Indian,Naan,2025-02-09,110,101,9,32,Sunny,Yes,No,0,55,2.13
R001,Spice Garden,Chennai,Chinese,Fried Rice,2025-05-08,227,172,55,30,Rainy,No,Yes,25,214,13.51
R004,Food Hub,Coimbatore,North Indian,Naan,2025-09-10,275,232,43,39,Sunny,No,No,15,124,9.39
R004,Food Hub,Coimbatore,South Indian,Idli,2025-05-31,55,26,29,25,Sunny,Yes,No,5,12,6.01
R001,Spice Garden,Chennai,South Indian,Pongal,2025-11-01,207,204,3,22,Sunny,Yes,No,25,200,0.59
R002,Urban Bites,Bengaluru,North Indian,Naan,2025-12-23,191,170,21,39,Sunny,No,No,10,139,4.12
R004,Food Hub,Coimbatore,Italian,Pizza,2025-01-28,142,119,23,24,Sunny,No,Yes,25,127,4.95
R003,Ocean Treat,Hyderabad,South Indian,Meals,2025-03-01,128,104,24,37,Sunny,Yes,No,25,88,6.94
R004,Food Hub,Coimbatore,North Indian,Naan,2025-07-15,144,117,27,23,Sunny,No,No,15,73,5.55
R001,Spice Garden,Chennai,South Indian,Pongal,2025-10-05,155,155,0,40,Sunny,Yes,No,0,78,0.0
R004,Food Hub,Coimbatore,Italian,Pizza,2025-09-01,126,124,2,23,Cloudy,No,Yes,20,74,0.4
R004,Food Hub,Coimbatore,North Indian,Paneer Butter Masala,2025-04-19,256,211,45,23,Sunny,Yes,No,25,149,15.73
R002,Urban Bites,Bengaluru,Chinese,Noodles,2025-02-04,72,20,52,34,Cloudy,No,No,10,24,15.55
R005,Green Bowl,Mumbai,Italian,Pizza,2025-08-01,88,61,27,40,Cloudy,No,No,0,29,7.44
R001,Spice Garden,Chennai,Chinese,Manchurian,2025-06-26,274,224,50,34,Cloudy,No,No,20,188,10.22
R005,Green Bowl,Mumbai,Italian,Pizza,2025-07-22,277,227,50,29,Sunny,No,No,15,108,16.62
R001,Spice Garden,Chennai,Chinese,Noodles,2025-06-09,121,108,13,25,Rainy,No,No,5,76,4.17
R003,Ocean Treat,Hyderabad,Italian,Pizza,2025-04-07,163,163,0,35,Cloudy,No,No,20,80,0.0
R005,Green Bowl,Mumbai,North Indian,Paneer Butter Masala,2025-06-09,231,175,56,26,Rainy,No,No,20,163,18.01
R001,Spice Garden,Chennai,North Indian,Paneer Butter Masala,2025-08-22,62,48,14,28,Sunny,No,No,15,31,4.03
R001,Spice Garden,Chennai,South Indian,Dosa,2025-07-10,175,119,56,27,Rainy,No,No,15,115,18.6
R001,Spice Garden,Chennai,Chinese,Fried Rice,2025-07-17,62,34,28,40,Rainy,No,No,5,17,8.12
R002,Urban Bites,Bengaluru,Chinese,Manchurian,2025-07-29,181,141,40,22,Sunny,No,Yes,5,173,8.92
R003,Ocean Treat,Hyderabad,Chinese,Noodles,2025-07-12,268,206,62,30,Sunny,Yes,No,10,117,19.85
R004,Food Hub,Coimbatore,South Indian,Idli,2025-09-19,219,171,48,33,Cloudy,No,No,20,179,9.16
R003,Ocean Treat,Hyderabad,Chinese,Noodles,2025-05-14,217,172,45,31,Sunny,No,No,20,91,14.98
R005,Green Bowl,Mumbai,Italian,Pasta,2025-12-15,85,69,16,37,Rainy,No,No,10,37,4.47
R005,Green Bowl,Mumbai,North Indian,Naan,2025-04-24,225,160,65,37,Rainy,No,No,25,122,15.02
R002,Urban Bites,Bengaluru,North Indian,Naan,2025-02-19,170,141,29,30,Cloudy,No,No,20,80,6.87
R001,Spice Garden,Chennai,North Indian,Naan,2025-04-25,240,151,89,35,Rainy,No,No,10,114,24.88
R004,Food Hub,Coimbatore,South Indian,Meals,2025-01-28,271,171,100,40,Rainy,No,No,0,176,29.57
R005,Green Bowl,Mumbai,Chinese,Noodles,2025-01-28,272,183,89,26,Rainy,No,No,10,133,24.64
R004,Food Hub,Coimbatore,North Indian,Naan,2025-04-03,249,184,65,32,Cloudy,No,No,5,128,14.01
R002,Urban Bites,Bengaluru,North Indian,Naan,2025-02-15,83,80,3,35,Sunny,Yes,No,15,59,0.56
R002,Urban Bites,Bengaluru,Chinese,Fried Rice,2025-06-14,243,193,50,28,Sunny,Yes,No,0,108,11.93
R002,Urban Bites,Bengaluru,South Indian,Meals,2025-09-15,200,125,75,24,Rainy,No,No,10,58,19.31
R005,Green Bowl,Mumbai,Chinese,Noodles,2025-12-18,84,79,5,37,Sunny,No,No,5,40,0.92
R002,Urban Bites,Bengaluru,North Indian,Paneer Butter Masala,2025-01-12,200,200,0,25,Sunny,Yes,No,25,104,0.0
R003,Ocean Treat,Hyderabad,South Indian,Idli,2025-12-05,77,45,32,22,Sunny,No,No,0,28,8.34
R002,Urban Bites,Bengaluru,North Indian,Biryani,2025-12-18,211,203,8,35,Cloudy,No,Yes,25,132,2.29
R002,Urban Bites,Bengaluru,Italian,Pizza,2025-09-19,234,154,80,31,Sunny,No,No,0,81,25.71
R002,Urban Bites,Bengaluru,Chinese,Manchurian,2025-07-29,125,94,31,39,Sunny,No,No,5,53,8.11
R002,Urban Bites,Bengaluru,South Indian,Idli,2025-12-10,72,72,0,40,Cloudy,No,No,5,79,0.0
R003,Ocean Treat,Hyderabad,North Indian,Naan,2025-06-01,117,79,38,25,Rainy,Yes,No,0,39,9.17
R003,Ocean Treat,Hyderabad,Italian,Pizza,2025-02-18,267,195,72,23,Sunny,No,No,5,149,18.32
R005,Green Bowl,Mumbai,Chinese,Manchurian,2025-02-17,145,112,33,27,Sunny,No,No,15,52,7.46
R004,Food Hub,Coimbatore,Italian,Pasta,2025-11-29,276,276,0,25,Sunny,Yes,No,25,269,0.0
R005,Green Bowl,Mumbai,Italian,Pasta,2025-04-03,206,183,23,33,Cloudy,No,No,25,90,6.98
R002,Urban Bites,Bengaluru,Italian,Pasta,2025-02-27,277,220,57,23,Sunny,No,No,25,125,17.7
R005,Green Bowl,Mumbai,North Indian,Biryani,2025-06-23,182,172,10,25,Sunny,No,No,25,149,2.39
R004,Food Hub,Coimbatore,North Indian,Biryani,2025-11-10,63,63,0,27,Cloudy,No,Yes,15,69,0.0
R002,Urban Bites,Bengaluru,Chinese,Noodles,2025-01-26,179,124,55,34,Sunny,Yes,No,5,136,14.05
R005,Green Bowl,Mumbai,Italian,Pizza,2025-09-13,164,148,16,37,Cloudy,Yes,No,0,93,2.88
R001,Spice Garden,Chennai,Chinese,Manchurian,2025-10-15,102,77,25,36,Rainy,No,No,10,39,7.97
R004,Food Hub,Coimbatore,Chinese,Manchurian,2025-11-14,203,170,33,33,Cloudy,No,No,0,211,7.93
R003,Ocean Treat,Hyderabad,Chinese,Manchurian,2025-02-24,61,61,0,37,Sunny,No,No,25,33,0.0
R003,Ocean Treat,Hyderabad,North Indian,Paneer Butter Masala,2025-03-03,288,214,74,28,Sunny,No,No,5,155,24.98
R005,Green Bowl,Mumbai,South Indian,Meals,2025-08-23,218,191,27,38,Sunny,Yes,No,15,236,8.24
R005,Green Bowl,Mumbai,Italian,Pasta,2025-09-18,249,185,64,27,Cloudy,No,No,5,137,18.05
R003,Ocean Treat,Hyderabad,Italian,Pasta,2025-11-08,284,227,57,29,Sunny,Yes,No,10,105,14.65
R002,Urban Bites,Bengaluru,North Indian,Naan,2025-11-05,229,177,52,38,Sunny,No,No,25,96,14.25
R002,Urban Bites,Bengaluru,North Indian,Paneer Butter Masala,2025-11-16,232,170,62,33,Rainy,Yes,No,5,78,18.01
R002,Urban Bites,Bengaluru,Chinese,Manchurian,2025-03-01,244,216,28,37,Cloudy,Yes,No,25,105,7.58
R004,Food Hub,Coimbatore,South Indian,Idli,2025-01-13,147,88,59,23,Sunny,No,No,5,40,17.47
R002,Urban Bites,Bengaluru,South Indian,Pongal,2025-04-15,242,145,97,33,Rainy,No,No,0,91,21.16
R005,Green Bowl,Mumbai,Italian,Pizza,2025-09-19,250,172,78,31,Cloudy,No,No,0,82,19.18
R003,Ocean Treat,Hyderabad,South Indian,Idli,2025-05-09,101,69,32,36,Rainy,No,No,25,37,8.73
R005,Green Bowl,Mumbai,North Indian,Biryani,2025-04-10,125,72,53,24,Sunny,No,No,5,39,10.62
R001,Spice Garden,Chennai,Italian,Pasta,2025-10-12,117,76,41,40,Rainy,Yes,No,0,74,8.45
R003,Ocean Treat,Hyderabad,South Indian,Pongal,2025-09-09,252,229,23,33,Sunny,No,No,25,183,5.0
R002,Urban Bites,Bengaluru,South Indian,Dosa,2025-08-01,189,134,55,24,Sunny,No,No,5,110,18.79
R005,Green Bowl,Mumbai,Italian,Pizza,2025-02-28,221,154,67,29,Rainy,No,No,20,73,14.84
R001,Spice Garden,Chennai,Chinese,Noodles,2025-02-28,148,129,19,31,Sunny,No,No,20,67,4.86
R001,Spice Garden,Chennai,Chinese,Manchurian,2025-04-09,132,96,36,25,Sunny,No,No,20,62,10.32
R002,Urban Bites,Bengaluru,North Indian,Biryani,2025-08-06,263,200,63,39,Rainy,No,No,25,94,19.34
R002,Urban Bites,Bengaluru,South Indian,Meals,2025-06-19,59,22,37,23,Sunny,No,No,10,13,10.28
R002,Urban Bites,Bengaluru,Chinese,Noodles,2025-07-18,165,128,37,35,Sunny,No,No,15,75,10.55
R005,Green Bowl,Mumbai,South Indian,Idli,2025-07-03,287,175,112,31,Rainy,No,No,10,106,25.52
R004,Food Hub,Coimbatore,Italian,Pasta,2025-12-05,57,26,31,39,Sunny,No,No,25,16,10.64
R002,Urban Bites,Bengaluru,Chinese,Manchurian,2025-11-28,145,137,8,22,Cloudy,No,No,20,137,1.5
R005,Green Bowl,Mumbai,Italian,Pizza,2025-06-06,103,90,13,33,Sunny,No,No,25,85,3.7
R003,Ocean Treat,Hyderabad,North Indian,Paneer Butter Masala,2025-04-03,221,159,62,23,Rainy,No,No,20,109,16.95
R003,Ocean Treat,Hyderabad,South Indian,Pongal,2025-02-20,100,82,18,37,Rainy,No,No,10,87,5.14
R002,Urban Bites,Bengaluru,Chinese,Noodles,2025-08-19,134,116,18,31,Cloudy,No,No,5,72,4.36
R003,Ocean Treat,Hyderabad,Italian,Pizza,2025-01-03,130,81,49,29,Cloudy,No,No,25,81,14.93
R004,Food Hub,Coimbatore,Italian,Pasta,2025-07-03,248,217,31,39,Sunny,No,No,25,131,10.02
R002,Urban Bites,Bengaluru,North Indian,Naan,2025-11-17,69,69,0,22,Rainy,No,No,25,50,0.0
R001,Spice Garden,Chennai,Chinese,Manchurian,2025-10-04,170,144,26,26,Sunny,Yes,No,5,70,7.29
R003,Ocean Treat,Hyderabad,North Indian,Naan,2025-09-14,180,166,14,33,Cloudy,Yes,No,25,76,4.15
R005,Green Bowl,Mumbai,North Indian,Naan,2025-03-23,95,95,0,40,Cloudy,Yes,No,5,51,0.0
R003,Ocean Treat,Hyderabad,South Indian,Dosa,2025-09-07,109,109,0,33,Sunny,Yes,Yes,25,83,0.0
R004,Food Hub,Coimbatore,South Indian,Idli,2025-11-29,132,132,0,38,Cloudy,Yes,No,10,67,0.0
R005,Green Bowl,Mumbai,North Indian,Naan,2025-12-01,146,131,15,24,Cloudy,No,No,15,95,4.78
R003,Ocean Treat,Hyderabad,Italian,Pasta,2025-11-06,51,36,15,26,Sunny,No,No,5,39,4.34
R002,Urban Bites,Bengaluru,North Indian,Paneer Butter Masala,2025-03-22,142,138,4,25,Cloudy,Yes,No,15,93,1.05
R002,Urban Bites,Bengaluru,North Indian,Biryani,2025-07-30,55,19,36,26,Cloudy,No,No,5,19,9.62
R005,Green Bowl,Mumbai,North Indian,Paneer Butter Masala,2025-03-27,116,107,9,38,Rainy,No,No,20,52,2.73
R003,Ocean Treat,Hyderabad,South Indian,Dosa,2025-08-18,205,166,39,37,Sunny,No,No,15,101,12.29
R002,Urban Bites,Bengaluru,Chinese,Fried Rice,2025-12-18,137,108,29,40,Sunny,No,No,15,99,9.46
R005,Green Bowl,Mumbai,Italian,Pizza,2025-11-07,74,60,14,23,Rainy,No,No,20,39,2.8
R004,Food Hub,Coimbatore,North Indian,Biryani,2025-10-04,261,259,2,35,Cloudy,Yes,Yes,10,184,0.68
R004,Food Hub,Coimbatore,Italian,Pasta,2025-10-29,255,174,81,40,Sunny,No,No,5,150,25.13
R001,Spice Garden,Chennai,Chinese,Manchurian,2025-10-06,154,108,46,22,Cloudy,No,No,0,133,13.4
R003,Ocean Treat,Hyderabad,Italian,Pasta,2025-02-24,89,70,19,40,Sunny,No,No,20,50,4.6
R003,Ocean Treat,Hyderabad,Italian,Pizza,2025-07-31,191,147,44,37,Sunny,No,No,20,119,10.5
R004,Food Hub,Coimbatore,North Indian,Biryani,2025-03-02,241,215,26,27,Sunny,Yes,No,20,157,6.18
R005,Green Bowl,Mumbai,South Indian,Dosa,2025-07-19,296,260,36,24,Rainy,Yes,No,15,292,7.84
R001,Spice Garden,Chennai,South Indian,Meals,2025-07-25,207,164,43,31,Cloudy,No,No,20,186,13.4
R002,Urban Bites,Bengaluru,Italian,Pasta,2025-01-06,101,79,22,38,Sunny,No,No,0,44,6.26
R001,Spice Garden,Chennai,Chinese,Fried Rice,2025-12-02,50,19,31,24,Rainy,No,No,15,14,7.66
R005,Green Bowl,Mumbai,North Indian,Biryani,2025-01-08,238,213,25,24,Cloudy,No,No,25,165,8.59
R003,Ocean Treat,Hyderabad,North Indian,Biryani,2025-04-10,166,95,71,40,Sunny,No,No,5,69,14.07
R001,Spice Garden,Chennai,Chinese,Noodles,2025-03-01,255,211,44,30,Rainy,Yes,No,20,158,11.54
R002,Urban Bites,Bengaluru,Chinese,Noodles,2025-12-15,167,141,26,22,Sunny,No,No,10,157,7.48
R002,Urban Bites,Bengaluru,North Indian,Naan,2025-07-31,294,220,74,39,Sunny,No,No,10,126,23.65
R001,Spice Garden,Chennai,North Indian,Naan,2025-06-10,140,122,18,40,Sunny,No,No,25,69,6.02
R004,Food Hub,Coimbatore,North Indian,Paneer Butter Masala,2025-05-04,273,233,40,29,Sunny,Yes,No,5,123,8.02
R001,Spice Garden,Chennai,Italian,Pizza,2025-10-05,295,262,33,37,Sunny,Yes,Yes,10,175,11.47
R005,Green Bowl,Mumbai,Chinese,Noodles,2025-04-04,245,216,29,30,Sunny,No,No,20,155,9.85
R001,Spice Garden,Chennai,Chinese,Noodles,2025-12-18,248,219,29,25,Cloudy,No,No,15,176,5.26
R002,Urban Bites,Bengaluru,Italian,Pizza,2025-06-16,142,107,35,30,Sunny,No,No,10,64,8.48
R004,Food Hub,Coimbatore,Italian,Pizza,2025-08-03,229,188,41,33,Rainy,Yes,No,10,131,11.36
R005,Green Bowl,Mumbai,North Indian,Paneer Butter Masala,2025-05-19,255,193,62,35,Rainy,No,No,5,191,19.65
R002,Urban Bites,Bengaluru,Italian,Pasta,2025-03-10,278,238,40,38,Cloudy,No,No,10,125,9.24
R005,Green Bowl,Mumbai,South Indian,Meals,2025-02-20,226,173,53,28,Rainy,No,No,15,93,11.88
R003,Ocean Treat,Hyderabad,Chinese,Noodles,2025-01-11,155,135,20,28,Cloudy,Yes,No,25,79,4.19
R003,Ocean Treat,Hyderabad,Chinese,Noodles,2025-12-11,180,122,58,36,Rainy,No,No,15,57,19.0
R003,Ocean Treat,Hyderabad,Italian,Pasta,2025-02-06,70,47,23,29,Sunny,No,No,25,38,5.19
R004,Food Hub,Coimbatore,Chinese,Noodles,2025-07-05,241,204,37,36,Sunny,Yes,No,5,180,8.24
R001,Spice Garden,Chennai,North Indian,Paneer Butter Masala,2025-07-23,76,50,26,37,Cloudy,No,No,0,26,7.0
R001,Spice Garden,Chennai,South Indian,Pongal,2025-11-13,89,65,24,34,Sunny,No,No,5,66,6.47
R002,Urban Bites,Bengaluru,South Indian,Idli,2025-12-06,141,100,41,32,Rainy,Yes,No,15,46,11.15
R003,Ocean Treat,Hyderabad,Italian,Pizza,2025-12-24,188,167,21,36,Cloudy,No,No,25,98,5.69
R003,Ocean Treat,Hyderabad,Italian,Pizza,2025-02-15,163,124,39,35,Sunny,Yes,No,10,152,10.49
R002,Urban Bites,Bengaluru,Chinese,Noodles,2025-08-29,186,150,36,37,Rainy,No,Yes,15,78,10.13
R001,Spice Garden,Chennai,Chinese,Fried Rice,2025-07-30,275,252,23,34,Sunny,No,No,25,137,5.66
R004,Food Hub,Coimbatore,North Indian,Naan,2025-02-10,158,126,32,38,Rainy,No,No,20,105,9.8
R003,Ocean Treat,Hyderabad,Italian,Pizza,2025-02-05,96,58,38,25,Cloudy,No,No,20,40,11.37
R004,Food Hub,Coimbatore,North Indian,Naan,2025-01-10,88,73,15,39,Sunny,No,Yes,0,51,2.72
R001,Spice Garden,Chennai,North Indian,Paneer Butter Masala,2025-09-10,105,86,19,31,Rainy,No,No,15,39,4.92
R001,Spice Garden,Chennai,Chinese,Fried Rice,2025-03-16,64,64,0,34,Sunny,Yes,No,15,55,0.0
R001,Spice Garden,Chennai,South Indian,Dosa,2025-07-17,247,214,33,29,Cloudy,No,No,0,198,10.07
R001,Spice Garden,Chennai,North Indian,Naan,2025-07-19,224,224,0,32,Sunny,Yes,No,25,146,0.0
R003,Ocean Treat,Hyderabad,North Indian,Naan,2025-01-27,271,234,37,25,Sunny,No,No,15,186,7.71
R003,Ocean Treat,Hyderabad,South Indian,Meals,2025-05-05,52,35,17,40,Rainy,No,No,15,18,3.78
R004,Food Hub,Coimbatore,South Indian,Pongal,2025-11-17,65,47,18,26,Cloudy,No,Yes,0,48,3.95
R005,Green Bowl,Mumbai,Chinese,Noodles,2025-04-09,55,55,0,33,Cloudy,No,No,10,38,0.0
R004,Food Hub,Coimbatore,North Indian,Biryani,2025-04-06,189,161,28,36,Sunny,Yes,No,20,77,7.68
R001,Spice Garden,Chennai,North Indian,Naan,2025-06-01,259,211,48,33,Sunny,Yes,No,25,103,13.7
R003,Ocean Treat,Hyderabad,North Indian,Naan,2025-02-02,218,197,21,34,Sunny,Yes,No,25,131,5.75
R005,Green Bowl,Mumbai,Chinese,Noodles,2025-07-29,214,194,20,25,Cloudy,No,No,0,184,3.71
R001,Spice Garden,Chennai,Italian,Pizza,2025-02-20,58,57,1,34,Cloudy,No,No,20,34,0.28
R001,Spice Garden,Chennai,Chinese,Fried Rice,2025-11-07,233,177,56,28,Cloudy,No,Yes,0,135,17.16
R004,Food Hub,Coimbatore,Chinese,Manchurian,2025-01-30,260,199,61,38,Sunny,No,No,0,101,11.79
R002,Urban Bites,Bengaluru,South Indian,Idli,2025-04-29,186,106,80,28,Cloudy,No,No,5,67,21.99
R001,Spice Garden,Chennai,Chinese,Manchurian,2025-08-23,229,174,55,25,Sunny,Yes,No,5,110,14.62
R002,Urban Bites,Bengaluru,Italian,Pasta,2025-06-11,190,143,47,32,Rainy,No,No,15,78,13.32
R005,Green Bowl,Mumbai,North Indian,Naan,2025-10-09,287,199,88,33,Rainy,No,No,15,92,15.84
R001,Spice Garden,Chennai,Chinese,Manchurian,2025-01-09,182,139,43,31,Sunny,No,No,5,73,14.64
R003,Ocean Treat,Hyderabad,North Indian,Paneer Butter Masala,2025-01-20,167,151,16,26,Sunny,No,No,20,131,3.58
R003,Ocean Treat,Hyderabad,South Indian,Meals,2025-10-19,284,271,13,24,Cloudy,Yes,No,15,153,3.61
R001,Spice Garden,Chennai,Chinese,Fried Rice,2025-10-23,147,138,9,23,Rainy,No,Yes,10,107,2.87
R004,Food Hub,Coimbatore,South Indian,Dosa,2025-12-01,267,212,55,22,Cloudy,No,No,25,247,14.95
R002,Urban Bites,Bengaluru,Chinese,Manchurian,2025-12-24,106,88,18,34,Rainy,No,No,20,54,3.52
R004,Food Hub,Coimbatore,Chinese,Noodles,2025-03-17,83,51,32,37,Cloudy,No,No,0,37,8.12
R002,Urban Bites,Bengaluru,North Indian,Naan,2025-10-14,100,79,21,40,Sunny,No,No,20,35,5.65
R002,Urban Bites,Bengaluru,South Indian,Pongal,2025-08-09,132,107,25,40,Sunny,Yes,No,25,100,5.96
R001,Spice Garden,Chennai,Chinese,Fried Rice,2025-06-29,207,195,12,36,Cloudy,Yes,No,15,226,3.83
R002,Urban Bites,Bengaluru,Chinese,Fried Rice,2025-02-13,78,71,7,29,Rainy,No,No,5,86,2.09
R001,Spice Garden,Chennai,Chinese,Noodles,2025-08-30,55,29,26,39,Sunny,Yes,No,20,18,5.82
R004,Food Hub,Coimbatore,North Indian,Biryani,2025-12-24,221,196,25,40,Rainy,No,Yes,20,163,7.85
R005,Green Bowl,Mumbai,Chinese,Fried Rice,2025-08-27,217,165,52,24,Sunny,No,No,10,95,17.43
R003,Ocean Treat,Hyderabad,South Indian,Idli,2025-05-30,272,202,70,34,Sunny,No,No,15,97,18.37
R005,Green Bowl,Mumbai,South Indian,Dosa,2025-04-12,178,132,46,39,Rainy,Yes,No,0,154,15.49
R003,Ocean Treat,Hyderabad,Chinese,Noodles,2025-07-21,240,172,68,33,Cloudy,No,No,10,79,18.03
R001,Spice Garden,Chennai,Chinese,Noodles,2025-01-16,291,210,81,30,Sunny,No,No,10,102,23.63
R001,Spice Garden,Chennai,Italian,Pizza,2025-08-02,111,83,28,35,Rainy,Yes,No,20,76,5.7
R005,Green Bowl,Mumbai,North Indian,Paneer Butter Masala,2025-06-08,226,204,22,38,Rainy,Yes,No,15,92,7.61
R002,Urban Bites,Bengaluru,North Indian,Naan,2025-02-04,192,140,52,25,Sunny,No,No,5,68,13.02
R004,Food Hub,Coimbatore,Chinese,Noodles,2025-11-23,288,190,98,26,Rainy,Yes,No,0,193,18.08
R005,Green Bowl,Mumbai,Chinese,Manchurian,2025-10-18,206,156,50,29,Sunny,Yes,No,0,106,13.27
R005,Green Bowl,Mumbai,Italian,Pasta,2025-04-05,268,240,28,37,Sunny,Yes,No,5,214,6.98
R001,Spice Garden,Chennai,Chinese,Noodles,2025-04-24,240,177,63,28,Rainy,No,No,0,125,17.95
R003,Ocean Treat,Hyderabad,Italian,Pizza,2025-08-07,153,153,0,34,Cloudy,No,No,15,92,0.0
R005,Green Bowl,Mumbai,South Indian,Idli,2025-08-20,166,96,70,23,Rainy,No,No,5,52,19.24
R005,Green Bowl,Mumbai,South Indian,Dosa,2025-05-30,162,106,56,31,Rainy,No,No,10,73,14.1
R005,Green Bowl,Mumbai,South Indian,Dosa,2025-08-26,262,205,57,24,Cloudy,No,No,0,99,15.55
R004,Food Hub,Coimbatore,Italian,Pasta,2025-08-19,56,55,1,40,Rainy,No,No,5,27,0.2
R003,Ocean Treat,Hyderabad,North Indian,Biryani,2025-03-05,73,40,33,36,Cloudy,No,No,0,20,8.81
R002,Urban Bites,Bengaluru,Italian,Pasta,2025-01-23,246,201,45,32,Cloudy,No,No,25,100,9.34
R002,Urban Bites,Bengaluru,North Indian,Biryani,2025-01-27,157,123,34,36,Sunny,No,No,5,113,9.72
R003,Ocean Treat,Hyderabad,South Indian,Meals,2025-09-12,268,227,41,22,Cloudy,No,No,15,200,11.48
R004,Food Hub,Coimbatore,Italian,Pasta,2025-08-15,70,54,16,22,Sunny,No,No,20,27,3.44
R002,Urban Bites,Bengaluru,North Indian,Paneer Butter Masala,2025-12-01,139,139,0,23,Cloudy,No,Yes,20,114,0.0
R001,Spice Garden,Chennai,South Indian,Meals,2025-04-02,91,85,6,40,Rainy,No,No,5,65,1.12
R003,Ocean Treat,Hyderabad,Chinese,Noodles,2025-07-14,259,194,65,35,Rainy,No,Yes,0,160,13.19
R003,Ocean Treat,Hyderabad,Chinese,Manchurian,2025-07-31,184,100,84,28,Cloudy,No,No,0,64,16.37
R005,Green Bowl,Mumbai,Chinese,Noodles,2025-11-08,267,224,43,38,Cloudy,Yes,No,20,172,8.69
R005,Green Bowl,Mumbai,Italian,Pasta,2025-09-10,256,195,61,29,Cloudy,No,No,5,116,12.2
R002,Urban Bites,Bengaluru,Italian,Pasta,2025-01-24,135,101,34,28,Sunny,No,No,5,57,7.59
R001,Spice Garden,Chennai,Chinese,Noodles,2025-09-17,190,129,61,22,Sunny,No,No,10,77,11.28
R002,Urban Bites,Bengaluru,North Indian,Naan,2025-06-23,286,234,52,37,Rainy,No,No,25,236,10.73
R004,Food Hub,Coimbatore,Chinese,Noodles,2025-07-31,287,229,58,38,Sunny,No,No,25,277,16.13
R003,Ocean Treat,Hyderabad,Chinese,Fried Rice,2025-03-18,121,73,48,32,Rainy,No,No,25,47,9.99
R005,Green Bowl,Mumbai,Italian,Pizza,2025-11-01,79,62,17,31,Cloudy,Yes,No,10,67,5.59
R003,Ocean Treat,Hyderabad,Italian,Pasta,2025-04-21,184,126,58,25,Sunny,No,No,0,66,19.45
R004,Food Hub,Coimbatore,South Indian,Meals,2025-09-14,89,76,13,37,Cloudy,Yes,No,20,40,2.56
R005,Green Bowl,Mumbai,North Indian,Paneer Butter Masala,2025-01-19,167,151,16,38,Sunny,Yes,No,10,71,4.75
R005,Green Bowl,Mumbai,South Indian,Pongal,2025-08-28,277,227,50,38,Rainy,No,Yes,25,183,16.58
R003,Ocean Treat,Hyderabad,North Indian,Paneer Butter Masala,2025-05-27,120,108,12,36,Cloudy,No,No,10,107,2.72
R001,Spice Garden,Chennai,South Indian,Dosa,2025-10-05,139,133,6,30,Sunny,Yes,No,25,127,1.4
R003,Ocean Treat,Hyderabad,Italian,Pizza,2025-03-08,57,28,29,23,Sunny,Yes,No,0,30,7.15
R005,Green Bowl,Mumbai,Italian,Pasta,2025-06-09,135,106,29,39,Sunny,No,No,15,55,8.66
R001,Spice Garden,Chennai,Italian,Pasta,2025-12-17,214,157,57,36,Sunny,No,No,5,156,18.94
R003,Ocean Treat,Hyderabad,Chinese,Noodles,2025-04-04,229,149,80,32,Rainy,No,No,10,101,19.18
R004,Food Hub,Coimbatore,North Indian,Naan,2025-06-28,204,186,18,38,Sunny,Yes,No,25,97,4.24
R001,Spice Garden,Chennai,Chinese,Manchurian,2025-08-25,152,135,17,29,Cloudy,No,No,20,151,3.66
R005,Green Bowl,Mumbai,Italian,Pasta,2025-10-18,251,242,9,29,Sunny,Yes,No,25,266,3.04
R005,Green Bowl,Mumbai,Italian,Pizza,2025-10-31,202,184,18,39,Sunny,No,No,15,205,3.57
R005,Green Bowl,Mumbai,Italian,Pasta,2025-09-11,215,194,21,24,Sunny,No,No,5,94,7.0
R001,Spice Garden,Chennai,North Indian,Biryani,2025-03-18,165,144,21,34,Cloudy,No,No,15,115,5.82
R003,Ocean Treat,Hyderabad,Italian,Pasta,2025-02-15,199,199,0,38,Sunny,Yes,Yes,5,99,0.0
R005,Green Bowl,Mumbai,South Indian,Idli,2025-12-27,193,167,26,33,Sunny,Yes,No,10,93,6.42
R003,Ocean Treat,Hyderabad,Italian,Pasta,2025-07-15,161,112,49,27,Sunny,No,No,5,70,15.84
R003,Ocean Treat,Hyderabad,Italian,Pizza,2025-05-28,273,250,23,26,Sunny,No,No,25,168,5.85
R002,Urban Bites,Bengaluru,South Indian,Dosa,2025-11-25,256,194,62,36,Rainy,No,No,25,117,15.65
R002,Urban Bites,Bengaluru,Italian,Pasta,2025-10-10,259,199,60,33,Sunny,No,No,15,100,13.21
R005,Green Bowl,Mumbai,Chinese,Noodles,2025-10-07,197,151,46,23,Cloudy,No,No,25,114,12.82
R001,Spice Garden,Chennai,North Indian,Biryani,2025-09-27,269,202,67,30,Sunny,Yes,No,0,176,19.24
R001,Spice Garden,Chennai,Chinese,Manchurian,2025-01-28,281,230,51,22,Sunny,No,No,20,111,14.16
R003,Ocean Treat,Hyderabad,Italian,Pasta,2025-05-31,124,111,13,31,Cloudy,Yes,No,20,68,3.61
R003,Ocean Treat,Hyderabad,South Indian,Pongal,2025-09-06,71,71,0,24,Rainy,Yes,No,10,61,0.0
R003,Ocean Treat,Hyderabad,Chinese,Fried Rice,2025-02-27,204,143,61,40,Cloudy,No,No,25,122,18.25
R004,Food Hub,Coimbatore,North Indian,Biryani,2025-01-17,137,111,26,26,Cloudy,No,No,5,56,8.01
R004,Food Hub,Coimbatore,Italian,Pizza,2025-12-05,162,137,25,27,Sunny,No,No,25,117,7.98
R001,Spice Garden,Chennai,North Indian,Naan,2025-07-24,171,137,34,39,Sunny,No,No,25,76,8.86
R002,Urban Bites,Bengaluru,Italian,Pizza,2025-05-28,287,236,51,34,Cloudy,No,No,20,113,14.71
R004,Food Hub,Coimbatore,Chinese,Noodles,2025-05-19,118,93,25,30,Cloudy,No,No,15,64,7.37
R002,Urban Bites,Bengaluru,North Indian,Biryani,2025-06-22,223,171,52,27,Sunny,Yes,No,0,209,10.22
R001,Spice Garden,Chennai,Italian,Pasta,2025-04-23,235,169,66,28,Sunny,No,No,20,181,22.41
R002,Urban Bites,Bengaluru,South Indian,Idli,2025-02-14,269,187,82,34,Cloudy,No,No,25,91,24.46
R003,Ocean Treat,Hyderabad,Chinese,Noodles,2025-12-05,289,206,83,36,Rainy,No,Yes,10,109,24.71
R003,Ocean Treat,Hyderabad,Chinese,Fried Rice,2025-02-07,120,88,32,34,Sunny,No,No,0,83,6.14
R002,Urban Bites,Bengaluru,Italian,Pizza,2025-11-27,175,144,31,39,Rainy,No,No,5,86,6.14
R004,Food Hub,Coimbatore,Chinese,Fried Rice,2025-01-18,68,64,4,30,Rainy,Yes,Yes,0,37,1.35
R004,Food Hub,Coimbatore,Chinese,Fried Rice,2025-12-25,134,106,28,40,Sunny,No,No,25,50,7.38
R004,Food Hub,Coimbatore,Italian,Pizza,2025-10-04,107,107,0,37,Sunny,Yes,Yes,20,60,0.0
R001,Spice Garden,Chennai,Chinese,Manchurian,2025-06-24,70,46,24,31,Cloudy,No,No,5,29,8.27
R002,Urban Bites,Bengaluru,Chinese,Manchurian,2025-07-19,279,244,35,33,Sunny,Yes,No,25,287,6.45
R005,Green Bowl,Mumbai,North Indian,Naan,2025-07-19,66,63,3,31,Sunny,Yes,No,15,29,0.55
R003,Ocean Treat,Hyderabad,South Indian,Pongal,2025-01-22,153,139,14,38,Sunny,No,No,25,75,3.07
R001,Spice Garden,Chennai,South Indian,Dosa,2025-09-08,217,188,29,23,Sunny,No,Yes,25,191,6.07
R001,Spice Garden,Chennai,Chinese,Fried Rice,2025-08-22,206,169,37,40,Sunny,No,No,0,101,7.06
R002,Urban Bites,Bengaluru,Italian,Pasta,2025-12-14,152,139,13,40,Cloudy,Yes,No,10,70,4.09
R001,Spice Garden,Chennai,North Indian,Naan,2025-02-02,80,51,29,35,Sunny,Yes,No,10,24,5.42
R001,Spice Garden,Chennai,Italian,Pizza,2025-01-09,275,200,75,22,Sunny,No,No,0,111,21.07
R003,Ocean Treat,Hyderabad,Italian,Pasta,2025-12-21,82,75,7,30,Cloudy,Yes,No,15,42,1.97
R004,Food Hub,Coimbatore,South Indian,Pongal,2025-06-28,157,157,0,29,Sunny,Yes,Yes,20,72,0.0
R005,Green Bowl,Mumbai,North Indian,Naan,2025-11-17,218,147,71,23,Sunny,No,No,5,100,14.91
R001,Spice Garden,Chennai,South Indian,Pongal,2025-05-26,103,49,54,32,Cloudy,No,No,15,56,16.52
R005,Green Bowl,Mumbai,North Indian,Paneer Butter Masala,2025-01-15,174,111,63,24,Rainy,No,No,25,80,19.34
R003,Ocean Treat,Hyderabad,North Indian,Paneer Butter Masala,2025-06-16,108,87,21,35,Rainy,No,No,15,42,4.04
R005,Green Bowl,Mumbai,Italian,Pizza,2025-08-12,87,80,7,36,Sunny,No,No,10,47,2.42
R002,Urban Bites,Bengaluru,Chinese,Fried Rice,2025-01-17,227,206,21,30,Sunny,No,No,15,142,4.39
R003,Ocean Treat,Hyderabad,North Indian,Naan,2025-11-06,90,78,12,27,Cloudy,No,No,20,39,3.16
R002,Urban Bites,Bengaluru,Italian,Pasta,2025-05-23,53,38,15,29,Sunny,No,No,15,23,4.97
R005,Green Bowl,Mumbai,North Indian,Biryani,2025-01-03,156,117,39,23,Rainy,No,No,25,75,10.2
R001,Spice Garden,Chennai,Italian,Pasta,2025-05-04,71,60,11,22,Cloudy,Yes,No,15,28,2.23
R003,Ocean Treat,Hyderabad,North Indian,Biryani,2025-02-16,54,54,0,31,Sunny,Yes,No,15,64,0.0
R002,Urban Bites,Bengaluru,Italian,Pizza,2025-07-09,210,121,89,22,Rainy,No,No,0,90,26.47
R005,Green Bowl,Mumbai,South Indian,Pongal,2025-08-07,242,182,60,39,Cloudy,No,No,5,89,18.3
R001,Spice Garden,Chennai,Chinese,Fried Rice,2025-02-26,148,105,43,23,Sunny,No,No,5,61,12.89
R005,Green Bowl,Mumbai,North Indian,Paneer Butter Masala,2025-06-21,111,111,0,37,Cloudy,Yes,No,20,59,0.0
R003,Ocean Treat,Hyderabad,Chinese,Noodles,2025-09-15,224,151,73,23,Sunny,No,No,10,105,19.36
R001,Spice Garden,Chennai,Italian,Pasta,2025-08-20,208,185,23,24,Sunny,No,No,15,176,7.89
R001,Spice Garden,Chennai,South Indian,Dosa,2025-05-22,78,66,12,37,Sunny,No,No,5,43,3.44
R003,Ocean Treat,Hyderabad,Italian,Pizza,2025-08-31,138,138,0,22,Sunny,Yes,No,0,70,0.0
R003,Ocean Treat,Hyderabad,Italian,Pasta,2025-12-02,215,182,33,37,Cloudy,No,No,25,118,9.02
R004,Food Hub,Coimbatore,Chinese,Manchurian,2025-03-09,279,169,110,27,Rainy,Yes,No,5,90,20.68
R003,Ocean Treat,Hyderabad,Chinese,Noodles,2025-03-27,208,159,49,39,Sunny,No,No,5,80,14.59
R002,Urban Bites,Bengaluru,North Indian,Paneer Butter Masala,2025-03-01,60,42,18,40,Sunny,Yes,No,10,23,5.28
R003,Ocean Treat,Hyderabad,North Indian,Naan,2025-08-18,188,148,40,39,Sunny,No,No,0,108,10.6
R002,Urban Bites,Bengaluru,Italian,Pasta,2025-03-21,51,26,25,39,Rainy,No,No,10,12,8.62
R005,Green Bowl,Mumbai,North Indian,Biryani,2025-08-15,136,81,55,37,Rainy,No,No,5,46,10.99
R001,Spice Garden,Chennai,Italian,Pizza,2025-08-17,141,107,34,23,Cloudy,Yes,No,5,50,7.73
R001,Spice Garden,Chennai,South Indian,Meals,2025-12-13,221,195,26,38,Sunny,Yes,No,15,156,7.35
R001,Spice Garden,Chennai,Chinese,Noodles,2025-03-17,233,171,62,33,Sunny,No,No,0,78,20.38
R001,Spice Garden,Chennai,North Indian,Biryani,2025-08-16,239,231,8,36,Sunny,Yes,No,25,107,2.02
R004,Food Hub,Coimbatore,North Indian,Biryani,2025-11-03,72,65,7,31,Sunny,No,No,20,30,2.16
R001,Spice Garden,Chennai,South Indian,Meals,2025-11-24,284,235,49,27,Cloudy,No,No,25,147,16.44
R002,Urban Bites,Bengaluru,North Indian,Naan,2025-05-29,191,103,88,31,Rainy,No,No,10,92,27.68
R002,Urban Bites,Bengaluru,Chinese,Noodles,2025-11-24,263,198,65,25,Cloudy,No,No,10,143,17.14
R002,Urban Bites,Bengaluru,South Indian,Idli,2025-05-22,176,115,61,24,Cloudy,No,No,10,57,17.49
R004,Food Hub,Coimbatore,South Indian,Pongal,2025-09-20,237,187,50,30,Sunny,Yes,No,0,186,12.92
R002,Urban Bites,Bengaluru,Chinese,Fried Rice,2025-01-28,119,54,65,33,Sunny,No,No,10,35,20.17
R002,Urban Bites,Bengaluru,South Indian,Dosa,2025-10-06,132,103,29,31,Sunny,No,No,25,58,5.69
R005,Green Bowl,Mumbai,Chinese,Fried Rice,2025-01-07,85,46,39,33,Rainy,No,No,15,48,8.04
R002,Urban Bites,Bengaluru,North Indian,Biryani,2025-11-11,226,197,29,38,Rainy,No,No,25,125,8.95
R001,Spice Garden,Chennai,Italian,Pasta,2025-02-09,79,62,17,22,Sunny,Yes,No,10,43,5.91
R005,Green Bowl,Mumbai,Chinese,Fried Rice,2025-12-30,127,110,17,25,Sunny,No,Yes,25,110,3.71
R002,Urban Bites,Bengaluru,North Indian,Paneer Butter Masala,2025-02-10,158,131,27,25,Sunny,No,No,15,137,8.5
R005,Green Bowl,Mumbai,South Indian,Meals,2025-03-02,282,229,53,24,Sunny,Yes,No,0,123,16.59
R005,Green Bowl,Mumbai,North Indian,Biryani,2025-04-13,97,97,0,22,Sunny,Yes,No,25,75,0.0
R005,Green Bowl,Mumbai,North Indian,Biryani,2025-10-19,67,42,25,40,Rainy,Yes,No,20,38,5.31
R003,Ocean Treat,Hyderabad,North Indian,Biryani,2025-01-03,299,201,98,28,Rainy,No,No,25,189,28.86
R001,Spice Garden,Chennai,North Indian,Naan,2025-07-14,158,122,36,29,Sunny,No,No,10,125,7.16
R002,Urban Bites,Bengaluru,Italian,Pasta,2025-12-27,123,121,2,23,Sunny,Yes,No,15,73,0.47
R004,Food Hub,Coimbatore,North Indian,Biryani,2025-07-28,124,101,23,35,Sunny,No,No,0,49,7.28
R003,Ocean Treat,Hyderabad,North Indian,Paneer Butter Masala,2025-12-12,175,141,34,34,Sunny,No,No,25,104,10.14
R001,Spice Garden,Chennai,North Indian,Paneer Butter Masala,2025-07-06,299,265,34,28,Cloudy,Yes,No,15,272,10.96
R004,Food Hub,Coimbatore,Chinese,Manchurian,2025-10-25,201,170,31,34,Sunny,Yes,No,25,114,7.05
R004,Food Hub,Coimbatore,South Indian,Idli,2025-05-09,175,136,39,26,Sunny,No,No,25,155,7.47
R001,Spice Garden,Chennai,North Indian,Naan,2025-11-06,223,168,55,31,Cloudy,No,No,0,109,14.5
R004,Food Hub,Coimbatore,North Indian,Naan,2025-12-05,177,124,53,30,Cloudy,No,No,20,79,18.12
R001,Spice Garden,Chennai,Italian,Pizza,2025-07-16,165,142,23,34,Sunny,No,No,0,70,5.32
R002,Urban Bites,Bengaluru,Italian,Pasta,2025-03-10,129,100,29,37,Rainy,No,No,20,57,8.47
R005,Green Bowl,Mumbai,Italian,Pasta,2025-10-15,268,210,58,23,Sunny,No,No,15,120,18.0
R003,Ocean Treat,Hyderabad,Chinese,Fried Rice,2025-01-15,201,179,22,33,Sunny,No,Yes,25,110,6.82
R003,Ocean Treat,Hyderabad,Italian,Pizza,2025-08-08,138,114,24,35,Sunny,No,No,25,92,4.67
R001,Spice Garden,Chennai,Chinese,Fried Rice,2025-06-22,93,93,0,32,Sunny,Yes,Yes,25,46,0.0
R004,Food Hub,Coimbatore,Chinese,Fried Rice,2025-12-23,170,138,32,32,Sunny,No,No,15,93,9.52
R002,Urban Bites,Bengaluru,Chinese,Noodles,2025-09-15,257,198,59,32,Sunny,No,No,10,151,14.99
R004,Food Hub,Coimbatore,South Indian,Dosa,2025-05-28,117,72,45,40,Sunny,No,Yes,5,39,12.52
R005,Green Bowl,Mumbai,Chinese,Noodles,2025-02-04,195,119,76,37,Sunny,No,No,10,62,22.1
R003,Ocean Treat,Hyderabad,Chinese,Noodles,2025-12-06,188,148,40,35,Sunny,Yes,No,20,94,13.19
R005,Green Bowl,Mumbai,North Indian,Biryani,2025-09-13,104,92,12,36,Sunny,Yes,No,25,59,3.41
R004,Food Hub,Coimbatore,South Indian,Dosa,2025-07-06,168,148,20,26,Cloudy,Yes,No,10,73,6.7
R002,Urban Bites,Bengaluru,Italian,Pasta,2025-05-27,215,148,67,29,Sunny,No,No,0,146,12.38
R003,Ocean Treat,Hyderabad,Italian,Pasta,2025-10-14,161,128,33,23,Sunny,No,No,10,66,9.64
R002,Urban Bites,Bengaluru,South Indian,Meals,2025-01-11,64,61,3,24,Sunny,Yes,No,10,30,1.0
R004,Food Hub,Coimbatore,Chinese,Manchurian,2025-12-03,276,225,51,26,Sunny,No,No,20,146,16.37
R005,Green Bowl,Mumbai,Chinese,Noodles,2025-02-16,110,65,45,32,Sunny,Yes,No,20,35,14.26
R002,Urban Bites,Bengaluru,Italian,Pizza,2025-03-15,77,67,10,30,Sunny,Yes,No,10,43,2.99
R001,Spice Garden,Chennai,Chinese,Manchurian,2025-08-05,171,110,61,30,Rainy,No,No,5,84,18.4
R003,Ocean Treat,Hyderabad,South Indian,Idli,2025-12-06,254,217,37,29,Sunny,Yes,No,15,165,11.77
R001,Spice Garden,Chennai,North Indian,Naan,2025-07-18,52,52,0,34,Rainy,No,No,10,42,0.0
R002,Urban Bites,Bengaluru,Chinese,Fried Rice,2025-03-24,284,209,75,32,Rainy,No,No,25,103,24.0
R004,Food Hub,Coimbatore,Italian,Pasta,2025-06-20,233,176,57,25,Rainy,No,No,25,151,10.9
R004,Food Hub,Coimbatore,Chinese,Noodles,2025-12-22,57,57,0,27,Cloudy,No,No,25,33,0.0
R001,Spice Garden,Chennai,South Indian,Dosa,2025-05-08,182,147,35,26,Rainy,No,No,25,106,11.89
R004,Food Hub,Coimbatore,Italian,Pizza,2025-05-14,94,75,19,32,Rainy,No,No,5,55,4.64
R005,Green Bowl,Mumbai,North Indian,Paneer Butter Masala,2025-01-12,286,244,42,29,Rainy,Yes,No,15,226,12.57
R002,Urban Bites,Bengaluru,South Indian,Meals,2025-11-13,159,128,31,26,Sunny,No,No,10,156,8.35
R004,Food Hub,Coimbatore,Italian,Pizza,2025-04-25,232,209,23,30,Sunny,No,No,15,156,5.83
R002,Urban Bites,Bengaluru,North Indian,Naan,2025-12-13,98,70,28,35,Rainy,Yes,No,0,42,9.36
R003,Ocean Treat,Hyderabad,Italian,Pizza,2025-01-06,170,138,32,32,Rainy,No,No,15,78,9.64
R004,Food Hub,Coimbatore,Chinese,Fried Rice,2025-02-18,192,192,0,32,Rainy,No,Yes,15,90,0.0
R005,Green Bowl,Mumbai,South Indian,Idli,2025-05-10,179,120,59,31,Rainy,Yes,No,25,90,20.33
R005,Green Bowl,Mumbai,South Indian,Dosa,2025-05-14,93,82,11,32,Rainy,No,No,5,58,2.47
R003,Ocean Treat,Hyderabad,South Indian,Dosa,2025-09-13,273,261,12,30,Cloudy,Yes,No,15,218,3.95
R005,Green Bowl,Mumbai,Chinese,Manchurian,2025-06-10,161,134,27,32,Cloudy,No,No,15,67,7.88
R004,Food Hub,Coimbatore,South Indian,Dosa,2025-03-18,63,38,25,23,Sunny,No,No,5,21,6.35
R004,Food Hub,Coimbatore,South Indian,Meals,2025-07-02,231,196,35,36,Sunny,No,No,25,210,11.47
R002,Urban Bites,Bengaluru,North Indian,Biryani,2025-09-18,260,189,71,40,Sunny,No,No,0,123,19.67
R004,Food Hub,Coimbatore,South Indian,Dosa,2025-09-13,223,210,13,32,Sunny,Yes,No,25,158,4.39
R001,Spice Garden,Chennai,Chinese,Fried Rice,2025-01-15,70,51,19,37,Sunny,No,No,10,31,3.44
R001,Spice Garden,Chennai,Italian,Pasta,2025-10-19,83,60,23,23,Rainy,Yes,No,10,66,7.86
R004,Food Hub,Coimbatore,South Indian,Meals,2025-05-11,95,83,12,34,Sunny,Yes,No,5,80,3.75
R003,Ocean Treat,Hyderabad,North Indian,Paneer Butter Masala,2025-06-02,175,146,29,31,Rainy,No,No,20,74,7.75
R004,Food Hub,Coimbatore,Italian,Pasta,2025-09-01,118,114,4,35,Sunny,No,No,15,58,1.14
R004,Food Hub,Coimbatore,Italian,Pizza,2025-01-21,181,146,35,36,Cloudy,No,No,25,97,10.05
R005,Green Bowl,Mumbai,South Indian,Pongal,2025-08-28,161,128,33,37,Sunny,No,Yes,5,72,7.63
R002,Urban Bites,Bengaluru,Italian,Pasta,2025-10-19,62,50,12,23,Cloudy,Yes,No,20,28,3.32
R003,Ocean Treat,Hyderabad,Chinese,Noodles,2025-10-27,70,61,9,22,Sunny,No,No,25,42,2.82
R004,Food Hub,Coimbatore,South Indian,Idli,2025-08-02,274,250,24,32,Cloudy,Yes,No,15,129,5.71
R002,Urban Bites,Bengaluru,North Indian,Paneer Butter Masala,2025-02-10,241,145,96,30,Rainy,No,No,0,103,17.57
R004,Food Hub,Coimbatore,South Indian,Idli,2025-03-29,217,166,51,34,Rainy,Yes,No,25,99,17.62
R003,Ocean Treat,Hyderabad,Italian,Pasta,2025-02-14,82,51,31,28,Sunny,No,No,0,28,6.57
R001,Spice Garden,Chennai,North Indian,Naan,2025-11-29,87,76,11,35,Rainy,Yes,No,20,52,2.87
R001,Spice Garden,Chennai,South Indian,Dosa,2025-03-20,239,210,29,37,Sunny,No,No,15,129,6.21
R005,Green Bowl,Mumbai,Italian,Pizza,2025-06-20,52,37,15,35,Rainy,No,No,15,23,3.44
R004,Food Hub,Coimbatore,Italian,Pasta,2025-09-20,201,146,55,37,Sunny,Yes,No,0,94,13.85
R003,Ocean Treat,Hyderabad,South Indian,Pongal,2025-11-28,156,116,40,25,Sunny,No,No,25,139,9.16
R002,Urban Bites,Bengaluru,Italian,Pasta,2025-08-13,109,92,17,40,Rainy,No,No,10,44,5.53
R004,Food Hub,Coimbatore,North Indian,Naan,2025-12-31,149,91,58,33,Rainy,No,No,5,49,17.02
R002,Urban Bites,Bengaluru,North Indian,Paneer Butter Masala,2025-03-22,205,161,44,35,Rainy,Yes,No,15,131,9.49
R001,Spice Garden,Chennai,South Indian,Pongal,2025-05-14,141,111,30,27,Rainy,No,No,20,79,8.55
R001,Spice Garden,Chennai,North Indian,Naan,2025-05-13,137,103,34,23,Rainy,No,No,20,87,6.99
R005,Green Bowl,Mumbai,South Indian,Idli,2025-08-13,254,167,87,25,Rainy,No,No,20,177,23.98
R005,Green Bowl,Mumbai,South Indian,Dosa,2025-11-19,80,41,39,33,Sunny,No,No,10,22,12.07
R004,Food Hub,Coimbatore,South Indian,Dosa,2025-11-28,143,92,51,26,Sunny,No,No,5,49,11.31
R004,Food Hub,Coimbatore,Chinese,Noodles,2025-09-16,93,82,11,33,Cloudy,No,No,15,62,3.22
R002,Urban Bites,Bengaluru,Italian,Pizza,2025-03-12,255,195,60,35,Rainy,No,No,20,231,12.28
R001,Spice Garden,Chennai,South Indian,Idli,2025-06-23,130,94,36,27,Sunny,No,No,15,50,10.52
R002,Urban Bites,Bengaluru,South Indian,Pongal,2025-08-03,152,124,28,39,Rainy,Yes,No,25,152,6.37
R005,Green Bowl,Mumbai,North Indian,Biryani,2025-07-26,164,116,48,39,Cloudy,Yes,No,20,67,14.33
R004,Food Hub,Coimbatore,North Indian,Naan,2025-02-13,59,59,0,34,Cloudy,No,No,25,37,0.0
R005,Green Bowl,Mumbai,Chinese,Manchurian,2025-06-24,243,189,54,22,Sunny,No,No,20,115,11.94
R003,Ocean Treat,Hyderabad,Italian,Pizza,2025-01-31,265,200,65,38,Sunny,No,No,0,140,18.03
R001,Spice Garden,Chennai,Italian,Pasta,2025-05-01,256,176,80,40,Cloudy,No,No,25,101,25.89
R002,Urban Bites,Bengaluru,Chinese,Noodles,2025-05-26,220,164,56,40,Cloudy,No,No,25,173,15.0
R002,Urban Bites,Bengaluru,Chinese,Noodles,2025-02-20,87,82,5,35,Sunny,No,No,0,58,1.01
R002,Urban Bites,Bengaluru,Italian,Pizza,2025-07-09,223,198,25,40,Cloudy,No,No,15,117,8.74
R004,Food Hub,Coimbatore,Italian,Pizza,2025-03-15,179,148,31,36,Sunny,Yes,No,25,97,8.37
R002,Urban Bites,Bengaluru,Italian,Pasta,2025-01-17,241,168,73,39,Sunny,No,No,0,173,20.24
R001,Spice Garden,Chennai,North Indian,Paneer Butter Masala,2025-07-10,128,86,42,31,Sunny,No,No,0,45,8.57
R005,Green Bowl,Mumbai,Italian,Pizza,2025-06-06,277,226,51,27,Rainy,No,No,15,252,9.57
R004,Food Hub,Coimbatore,Chinese,Manchurian,2025-08-20,280,232,48,34,Sunny,No,No,25,117,9.72
R002,Urban Bites,Bengaluru,Italian,Pasta,2025-12-08,164,128,36,32,Sunny,No,No,20,113,8.9
R005,Green Bowl,Mumbai,South Indian,Meals,2025-05-23,215,165,50,27,Cloudy,No,No,20,98,15.56
R003,Ocean Treat,Hyderabad,South Indian,Idli,2025-04-09,294,195,99,40,Rainy,No,No,20,129,18.13
R005,Green Bowl,Mumbai,North Indian,Paneer Butter Masala,2025-05-21,251,204,47,40,Sunny,No,No,20,123,11.67
R001,Spice Garden,Chennai,Italian,Pizza,2025-06-24,161,103,58,22,Rainy,No,No,10,47,15.78
R003,Ocean Treat,Hyderabad,North Indian,Paneer Butter Masala,2025-05-11,246,208,38,31,Rainy,Yes,No,25,200,10.81
R003,Ocean Treat,Hyderabad,North Indian,Paneer Butter Masala,2025-01-30,126,92,34,32,Sunny,No,No,10,44,6.42
R002,Urban Bites,Bengaluru,North Indian,Naan,2025-09-18,242,217,25,25,Sunny,No,No,10,149,6.23
R004,Food Hub,Coimbatore,South Indian,Meals,2025-11-21,109,85,24,22,Sunny,No,No,20,53,7.52
R003,Ocean Treat,Hyderabad,Italian,Pasta,2025-02-12,266,168,98,28,Rainy,No,No,5,127,34.06
R002,Urban Bites,Bengaluru,Italian,Pasta,2025-01-22,50,50,0,31,Cloudy,No,No,5,33,0.0
R004,Food Hub,Coimbatore,Chinese,Manchurian,2025-04-19,199,181,18,31,Sunny,Yes,No,25,116,3.45
R001,Spice Garden,Chennai,Italian,Pizza,2025-03-13,235,128,107,30,Rainy,No,No,5,102,31.67
R003,Ocean Treat,Hyderabad,Chinese,Manchurian,2025-08-20,119,74,45,32,Sunny,No,No,15,34,10.61
R002,Urban Bites,Bengaluru,South Indian,Meals,2025-01-03,280,253,27,27,Sunny,No,Yes,25,162,8.47
R001,Spice Garden,Chennai,South Indian,Meals,2025-12-11,81,29,52,34,Rainy,No,No,10,21,16.78
R001,Spice Garden,Chennai,South Indian,Meals,2025-07-09,289,217,72,22,Sunny,No,No,0,121,15.3
R005,Green Bowl,Mumbai,Chinese,Manchurian,2025-04-24,109,67,42,33,Sunny,No,No,15,32,12.61
R002,Urban Bites,Bengaluru,South Indian,Dosa,2025-11-23,151,142,9,30,Cloudy,Yes,No,15,77,2.65
R005,Green Bowl,Mumbai,North Indian,Paneer Butter Masala,2025-10-29,82,76,6,26,Sunny,No,No,20,38,1.98
R003,Ocean Treat,Hyderabad,North Indian,Biryani,2025-01-12,298,255,43,39,Cloudy,Yes,No,25,120,12.43
R001,Spice Garden,Chennai,Chinese,Noodles,2025-07-28,120,83,37,38,Sunny,No,No,10,54,6.93
R002,Urban Bites,Bengaluru,South Indian,Pongal,2025-08-04,186,156,30,22,Sunny,No,No,10,186,9.16
R004,Food Hub,Coimbatore,South Indian,Dosa,2025-04-11,92,78,14,24,Cloudy,No,No,0,92,3.55
R001,Spice Garden,Chennai,Chinese,Noodles,2025-05-07,77,40,37,32,Rainy,No,No,10,44,10.43
R004,Food Hub,Coimbatore,South Indian,Meals,2025-10-24,81,59,22,23,Rainy,No,No,15,47,7.13
R001,Spice Garden,Chennai,North Indian,Paneer Butter Masala,2025-08-15,64,57,7,35,Sunny,No,No,25,28,1.74
R005,Green Bowl,Mumbai,Italian,Pizza,2025-11-03,251,210,41,22,Sunny,No,No,15,109,13.51
R005,Green Bowl,Mumbai,South Indian,Pongal,2025-11-30,290,234,56,22,Sunny,Yes,No,10,286,16.87
R005,Green Bowl,Mumbai,North Indian,Biryani,2025-03-06,213,173,40,33,Sunny,No,No,25,103,8.46
R002,Urban Bites,Bengaluru,South Indian,Idli,2025-03-07,129,74,55,38,Rainy,No,No,10,39,11.28
R003,Ocean Treat,Hyderabad,Chinese,Noodles,2025-07-08,298,282,16,40,Cloudy,No,Yes,5,320,4.26
R005,Green Bowl,Mumbai,South Indian,Meals,2025-06-26,100,73,27,28,Rainy,No,No,10,41,7.01
R003,Ocean Treat,Hyderabad,Chinese,Manchurian,2025-06-03,157,133,24,25,Sunny,No,No,0,89,8.07
R002,Urban Bites,Bengaluru,North Indian,Naan,2025-11-16,104,88,16,32,Rainy,Yes,No,15,40,3.87
R001,Spice Garden,Chennai,Chinese,Fried Rice,2025-10-12,79,79,0,36,Sunny,Yes,No,20,38,0.0
R001,Spice Garden,Chennai,North Indian,Paneer Butter Masala,2025-05-26,94,76,18,30,Cloudy,No,No,10,70,3.78
R003,Ocean Treat,Hyderabad,South Indian,Idli,2025-12-13,85,61,24,25,Sunny,Yes,No,5,49,5.3
R003,Ocean Treat,Hyderabad,North Indian,Biryani,2025-11-16,275,230,45,24,Sunny,Yes,No,5,173,10.96
R005,Green Bowl,Mumbai,Italian,Pizza,2025-01-24,245,154,91,28,Rainy,No,No,10,80,21.45
R001,Spice Garden,Chennai,Chinese,Fried Rice,2025-09-18,297,228,69,37,Sunny,No,No,0,137,14.38
R004,Food Hub,Coimbatore,Chinese,Noodles,2025-09-23,168,113,55,33,Cloudy,No,No,15,62,14.53
R003,Ocean Treat,Hyderabad,Italian,Pizza,2025-04-17,106,82,24,36,Rainy,No,No,15,61,4.96
R003,Ocean Treat,Hyderabad,Chinese,Manchurian,2025-02-13,84,78,6,31,Sunny,No,No,10,69,1.12
R005,Green Bowl,Mumbai,Chinese,Noodles,2025-08-19,169,112,57,33,Rainy,No,No,10,78,12.83
R001,Spice Garden,Chennai,Chinese,Fried Rice,2025-05-31,265,223,42,39,Cloudy,Yes,No,10,106,8.26
R001,Spice Garden,Chennai,Chinese,Fried Rice,2025-10-07,101,92,9,32,Sunny,No,No,25,77,2.7
R002,Urban Bites,Bengaluru,Chinese,Fried Rice,2025-06-03,122,70,52,34,Rainy,No,No,20,37,9.47
R005,Green Bowl,Mumbai,North Indian,Naan,2025-04-27,108,82,26,28,Sunny,Yes,No,20,56,8.28
R003,Ocean Treat,Hyderabad,South Indian,Pongal,2025-04-07,159,122,37,35,Sunny,No,No,15,61,6.85
R002,Urban Bites,Bengaluru,North Indian,Naan,2025-01-05,177,138,39,33,Sunny,Yes,No,15,73,11.6
R003,Ocean Treat,Hyderabad,Chinese,Manchurian,2025-01-12,195,173,22,26,Sunny,Yes,No,10,108,6.95
R005,Green Bowl,Mumbai,Italian,Pasta,2025-04-15,292,257,35,39,Sunny,No,No,15,179,11.62
R001,Spice Garden,Chennai,North Indian,Paneer Butter Masala,2025-12-12,191,155,36,37,Sunny,No,No,5,172,12.37
R003,Ocean Treat,Hyderabad,North Indian,Paneer Butter Masala,2025-05-30,218,194,24,36,Sunny,No,No,20,93,5.92
R001,Spice Garden,Chennai,North Indian,Biryani,2025-08-03,172,129,43,34,Rainy,Yes,No,5,131,9.24
R004,Food Hub,Coimbatore,Italian,Pizza,2025-11-06,197,158,39,40,Sunny,No,No,25,194,7.97
R001,Spice Garden,Chennai,Italian,Pizza,2025-09-27,134,110,24,37,Sunny,Yes,No,20,128,4.69
R004,Food Hub,Coimbatore,Chinese,Manchurian,2025-12-31,252,208,44,27,Sunny,No,No,5,144,14.73
R002,Urban Bites,Bengaluru,South Indian,Meals,2025-12-24,292,257,35,27,Sunny,No,Yes,25,165,10.27
R001,Spice Garden,Chennai,North Indian,Naan,2025-07-30,245,157,88,33,Sunny,No,No,0,114,18.31
R002,Urban Bites,Bengaluru,South Indian,Meals,2025-01-14,68,55,13,36,Sunny,No,No,25,40,2.77
R001,Spice Garden,Chennai,South Indian,Pongal,2025-02-28,231,186,45,32,Cloudy,No,No,15,118,9.95
R004,Food Hub,Coimbatore,North Indian,Naan,2025-05-23,265,199,66,22,Cloudy,No,No,5,164,17.88
R004,Food Hub,Coimbatore,North Indian,Paneer Butter Masala,2025-12-10,245,218,27,30,Sunny,No,Yes,10,106,7.3
R004,Food Hub,Coimbatore,South Indian,Idli,2025-07-19,226,208,18,23,Cloudy,Yes,No,0,110,5.59
R002,Urban Bites,Bengaluru,Chinese,Fried Rice,2025-04-13,73,71,2,22,Rainy,Yes,Yes,10,79,0.69
R001,Spice Garden,Chennai,North Indian,Biryani,2025-03-27,61,20,41,25,Rainy,No,No,10,12,8.7
R002,Urban Bites,Bengaluru,Italian,Pasta,2025-03-03,109,71,38,33,Sunny,No,No,0,52,9.8
R001,Spice Garden,Chennai,Chinese,Manchurian,2025-11-16,144,144,0,28,Sunny,Yes,Yes,20,96,0.0
R005,Green Bowl,Mumbai,North Indian,Naan,2025-02-18,203,174,29,34,Cloudy,No,No,25,93,8.61
R004,Food Hub,Coimbatore,South Indian,Pongal,2025-01-10,205,177,28,36,Sunny,No,No,25,96,7.44
R001,Spice Garden,Chennai,North Indian,Paneer Butter Masala,2025-11-12,244,203,41,31,Sunny,No,No,15,229,9.99
R003,Ocean Treat,Hyderabad,North Indian,Paneer Butter Masala,2025-07-12,102,63,39,29,Rainy,Yes,No,20,28,9.96
R003,Ocean Treat,Hyderabad,North Indian,Naan,2025-06-12,214,170,44,23,Cloudy,No,No,15,204,14.26
R003,Ocean Treat,Hyderabad,Chinese,Fried Rice,2025-04-16,188,149,39,29,Rainy,No,Yes,25,82,11.05
R004,Food Hub,Coimbatore,Chinese,Fried Rice,2025-08-15,211,211,0,37,Sunny,No,Yes,5,99,0.0
R002,Urban Bites,Bengaluru,North Indian,Paneer Butter Masala,2025-09-17,70,70,0,36,Sunny,No,No,25,65,0.0
R005,Green Bowl,Mumbai,North Indian,Naan,2025-05-27,197,197,0,28,Sunny,No,No,15,145,0.0
R004,Food Hub,Coimbatore,Italian,Pasta,2025-03-21,259,234,25,37,Sunny,No,No,15,167,4.85
R003,Ocean Treat,Hyderabad,North Indian,Biryani,2025-03-31,115,79,36,31,Sunny,No,No,15,62,10.85
R002,Urban Bites,Bengaluru,North Indian,Paneer Butter Masala,2025-01-03,53,37,16,33,Sunny,No,No,15,17,5.52
R003,Ocean Treat,Hyderabad,Italian,Pasta,2025-06-07,214,185,29,24,Sunny,Yes,No,0,87,6.02
R004,Food Hub,Coimbatore,Chinese,Manchurian,2025-06-28,180,163,17,33,Cloudy,Yes,No,25,121,4.29
R002,Urban Bites,Bengaluru,North Indian,Naan,2025-01-18,285,271,14,22,Cloudy,Yes,No,25,127,2.87
R002,Urban Bites,Bengaluru,North Indian,Paneer Butter Masala,2025-03-01,247,241,6,34,Sunny,Yes,No,20,111,1.16
R002,Urban Bites,Bengaluru,Italian,Pizza,2025-08-07,114,100,14,38,Rainy,No,No,25,54,4.31
R001,Spice Garden,Chennai,South Indian,Pongal,2025-03-15,118,84,34,34,Cloudy,Yes,No,0,38,10.84
R001,Spice Garden,Chennai,South Indian,Idli,2025-12-23,156,121,35,31,Cloudy,No,No,5,122,9.19
R005,Green Bowl,Mumbai,South Indian,Meals,2025-10-18,258,222,36,28,Sunny,Yes,No,5,114,7.65
R004,Food Hub,Coimbatore,Italian,Pizza,2025-11-22,92,88,4,24,Sunny,Yes,Yes,10,77,1.05
R001,Spice Garden,Chennai,South Indian,Idli,2025-05-17,242,182,60,40,Rainy,Yes,No,0,194,16.13
R001,Spice Garden,Chennai,Italian,Pasta,2025-09-06,171,171,0,35,Sunny,Yes,No,25,87,0.0
R004,Food Hub,Coimbatore,Italian,Pizza,2025-07-02,273,189,84,25,Sunny,No,No,25,138,27.05
R002,Urban Bites,Bengaluru,South Indian,Idli,2025-09-29,121,88,33,29,Sunny,No,No,20,57,9.64
R001,Spice Garden,Chennai,Chinese,Fried Rice,2025-11-21,142,78,64,32,Cloudy,No,No,5,47,15.87
R005,Green Bowl,Mumbai,South Indian,Pongal,2025-08-08,290,237,53,37,Rainy,No,No,25,195,11.3
R002,Urban Bites,Bengaluru,South Indian,Dosa,2025-09-12,253,176,77,39,Rainy,No,No,15,170,19.7
R001,Spice Garden,Chennai,Italian,Pizza,2025-05-05,104,104,0,24,Sunny,No,No,25,82,0.0
R003,Ocean Treat,Hyderabad,North Indian,Biryani,2025-05-12,220,188,32,25,Cloudy,No,No,20,111,8.44
R003,Ocean Treat,Hyderabad,North Indian,Biryani,2025-11-04,66,48,18,34,Rainy,No,No,25,28,4.96
R004,Food Hub,Coimbatore,North Indian,Paneer Butter Masala,2025-05-13,79,50,29,25,Sunny,No,No,25,30,6.15
R001,Spice Garden,Chennai,Chinese,Fried Rice,2025-06-10,294,215,79,22,Sunny,No,No,20,98,18.51
R003,Ocean Treat,Hyderabad,North Indian,Biryani,2025-12-06,204,179,25,25,Sunny,Yes,No,20,89,5.84
R003,Ocean Treat,Hyderabad,North Indian,Naan,2025-12-15,166,154,12,31,Sunny,No,No,25,181,2.81
R005,Green Bowl,Mumbai,South Indian,Pongal,2025-12-28,196,155,41,28,Sunny,Yes,No,25,71,7.79
R003,Ocean Treat,Hyderabad,North Indian,Biryani,2025-04-18,267,223,44,29,Cloudy,No,No,0,111,13.36
R003,Ocean Treat,Hyderabad,North Indian,Paneer Butter Masala,2025-10-08,150,100,50,37,Rainy,No,No,15,74,13.49
R003,Ocean Treat,Hyderabad,Chinese,Manchurian,2025-04-10,229,172,57,34,Sunny,No,No,10,89,18.49
R003,Ocean Treat,Hyderabad,Italian,Pizza,2025-10-23,85,43,42,37,Sunny,No,No,5,39,13.3
R002,Urban Bites,Bengaluru,South Indian,Pongal,2025-10-22,76,59,17,26,Sunny,No,No,15,67,4.09
R004,Food Hub,Coimbatore,North Indian,Paneer Butter Masala,2025-03-02,300,240,60,32,Cloudy,Yes,No,5,143,14.92
R001,Spice Garden,Chennai,South Indian,Dosa,2025-07-23,175,152,23,27,Cloudy,No,No,15,87,4.49
R004,Food Hub,Coimbatore,Italian,Pasta,2025-11-20,217,117,100,22,Sunny,No,No,0,120,28.9
R005,Green Bowl,Mumbai,North Indian,Paneer Butter Masala,2025-10-28,196,179,17,37,Sunny,No,No,25,133,5.95
R004,Food Hub,Coimbatore,Chinese,Manchurian,2025-03-06,75,73,2,39,Sunny,No,No,25,88,0.55
R005,Green Bowl,Mumbai,Italian,Pizza,2025-09-23,264,208,56,25,Rainy,No,No,5,197,15.78
R002,Urban Bites,Bengaluru,South Indian,Meals,2025-06-10,81,61,20,40,Sunny,No,Yes,5,66,4.47
R001,Spice Garden,Chennai,South Indian,Idli,2025-09-17,126,117,9,39,Sunny,No,No,25,55,2.41
R003,Ocean Treat,Hyderabad,Italian,Pizza,2025-10-23,175,117,58,38,Rainy,No,No,10,70,15.47
R001,Spice Garden,Chennai,South Indian,Dosa,2025-01-19,98,62,36,28,Rainy,Yes,No,20,52,10.94
R004,Food Hub,Coimbatore,South Indian,Pongal,2025-05-14,147,103,44,27,Sunny,No,No,0,48,12.98
R002,Urban Bites,Bengaluru,North Indian,Paneer Butter Masala,2025-11-19,237,181,56,28,Cloudy,No,No,20,109,14.08
R002,Urban Bites,Bengaluru,Chinese,Noodles,2025-07-14,56,18,38,29,Sunny,No,No,0,11,11.26
R004,Food Hub,Coimbatore,South Indian,Pongal,2025-11-24,72,55,17,32,Rainy,No,No,5,67,4.15
R002,Urban Bites,Bengaluru,Italian,Pizza,2025-03-05,94,70,24,31,Cloudy,No,No,15,74,5.74
R005,Green Bowl,Mumbai,Chinese,Manchurian,2025-05-19,205,181,24,23,Sunny,No,No,15,103,7.54
R005,Green Bowl,Mumbai,Italian,Pasta,2025-10-31,82,82,0,38,Cloudy,No,No,25,83,0.0
R003,Ocean Treat,Hyderabad,South Indian,Pongal,2025-12-29,249,173,76,35,Cloudy,No,No,5,118,17.39
R004,Food Hub,Coimbatore,North Indian,Naan,2025-11-22,269,228,41,31,Sunny,Yes,No,10,114,11.8
R001,Spice Garden,Chennai,North Indian,Paneer Butter Masala,2025-03-26,197,183,14,31,Cloudy,No,Yes,15,86,4.13
R002,Urban Bites,Bengaluru,Italian,Pasta,2025-09-21,225,202,23,39,Cloudy,Yes,No,15,246,4.88
R001,Spice Garden,Chennai,Italian,Pasta,2025-05-06,239,148,91,38,Cloudy,No,No,0,84,30.02
R005,Green Bowl,Mumbai,North Indian,Paneer Butter Masala,2025-02-08,143,94,49,38,Sunny,Yes,No,0,67,11.98
R003,Ocean Treat,Hyderabad,South Indian,Pongal,2025-12-14,113,100,13,25,Sunny,Yes,No,15,54,3.6
R002,Urban Bites,Bengaluru,Chinese,Manchurian,2025-09-21,261,226,35,36,Rainy,Yes,No,15,256,6.34
R004,Food Hub,Coimbatore,Chinese,Noodles,2025-07-01,77,77,0,27,Sunny,No,Yes,0,83,0.0
R002,Urban Bites,Bengaluru,Italian,Pizza,2025-09-07,51,51,0,30,Sunny,Yes,No,15,38,0.0
R002,Urban Bites,Bengaluru,Chinese,Fried Rice,2025-08-13,218,167,51,27,Sunny,No,No,25,82,10.9
R002,Urban Bites,Bengaluru,Chinese,Fried Rice,2025-03-10,151,106,45,32,Rainy,No,No,5,61,15.36
R003,Ocean Treat,Hyderabad,South Indian,Meals,2025-09-08,190,123,67,26,Sunny,No,No,15,62,16.49
R001,Spice Garden,Chennai,South Indian,Idli,2025-03-06,89,59,30,22,Rainy,No,No,5,67,9.63
R004,Food Hub,Coimbatore,South Indian,Meals,2025-09-03,124,65,59,24,Rainy,No,No,5,61,13.44
R001,Spice Garden,Chennai,Chinese,Manchurian,2025-05-07,220,148,72,28,Sunny,No,No,0,83,19.11
R002,Urban Bites,Bengaluru,North Indian,Biryani,2025-11-19,212,157,55,25,Sunny,No,No,0,156,10.07
R002,Urban Bites,Bengaluru,South Indian,Idli,2025-07-14,154,137,17,29,Sunny,No,No,15,93,4.53
R001,Spice Garden,Chennai,Chinese,Fried Rice,2025-05-18,143,116,27,33,Cloudy,Yes,No,5,135,5.1
R003,Ocean Treat,Hyderabad,North Indian,Naan,2025-08-30,121,104,17,25,Sunny,Yes,No,10,48,4.11
R003,Ocean Treat,Hyderabad,South Indian,Idli,2025-12-09,53,53,0,26,Sunny,No,No,25,32,0.0
R002,Urban Bites,Bengaluru,Chinese,Fried Rice,2025-10-27,148,99,49,25,Sunny,No,No,25,60,9.16
R002,Urban Bites,Bengaluru,North Indian,Biryani,2025-08-17,286,230,56,39,Cloudy,Yes,No,10,212,16.94
R001,Spice Garden,Chennai,North Indian,Paneer Butter Masala,2025-08-03,190,97,93,39,Rainy,Yes,No,10,67,28.08
R004,Food Hub,Coimbatore,South Indian,Meals,2025-08-03,184,119,65,38,Rainy,Yes,No,5,121,12.2
R005,Green Bowl,Mumbai,South Indian,Dosa,2025-07-23,176,104,72,38,Rainy,No,No,5,73,19.19
R005,Green Bowl,Mumbai,Italian,Pasta,2025-11-07,119,87,32,22,Sunny,No,No,5,41,8.55
R005,Green Bowl,Mumbai,Chinese,Noodles,2025-04-23,125,92,33,39,Sunny,No,No,5,106,7.28
R001,Spice Garden,Chennai,North Indian,Naan,2025-03-10,119,99,20,23,Cloudy,No,No,5,102,5.81
R005,Green Bowl,Mumbai,Chinese,Noodles,2025-02-12,292,218,74,39,Sunny,No,No,5,158,21.01
R003,Ocean Treat,Hyderabad,South Indian,Idli,2025-07-02,106,39,67,30,Sunny,No,No,0,20,20.95
R001,Spice Garden,Chennai,Italian,Pasta,2025-11-17,212,132,80,28,Rainy,No,No,5,105,17.17
R004,Food Hub,Coimbatore,North Indian,Naan,2025-04-29,236,203,33,33,Sunny,No,No,15,191,10.78
R002,Urban Bites,Bengaluru,Italian,Pizza,2025-11-28,122,108,14,27,Rainy,No,Yes,15,61,2.97
R002,Urban Bites,Bengaluru,South Indian,Meals,2025-05-06,166,154,12,34,Sunny,No,No,20,188,2.36
R004,Food Hub,Coimbatore,South Indian,Idli,2025-01-07,245,202,43,23,Sunny,No,No,0,171,14.6
R005,Green Bowl,Mumbai,South Indian,Idli,2025-02-24,188,131,57,32,Rainy,No,No,0,82,14.57
R002,Urban Bites,Bengaluru,Chinese,Noodles,2025-09-03,89,89,0,39,Cloudy,No,No,25,57,0.0
R001,Spice Garden,Chennai,South Indian,Pongal,2025-02-22,180,165,15,35,Sunny,Yes,No,5,163,4.37
R002,Urban Bites,Bengaluru,Italian,Pizza,2025-09-09,93,72,21,29,Sunny,No,No,10,55,5.98
R001,Spice Garden,Chennai,Chinese,Fried Rice,2025-01-23,204,175,29,35,Cloudy,No,No,20,85,8.61
R005,Green Bowl,Mumbai,Chinese,Noodles,2025-02-23,119,113,6,33,Rainy,Yes,No,25,58,1.88
R002,Urban Bites,Bengaluru,North Indian,Naan,2025-03-17,149,66,83,37,Rainy,No,No,0,55,16.22
R002,Urban Bites,Bengaluru,North Indian,Naan,2025-06-30,131,90,41,37,Cloudy,No,No,15,54,11.82
R002,Urban Bites,Bengaluru,North Indian,Naan,2025-08-03,190,179,11,39,Sunny,Yes,No,20,110,2.77
R005,Green Bowl,Mumbai,North Indian,Biryani,2025-02-14,110,60,50,28,Rainy,No,No,0,45,13.03
R002,Urban Bites,Bengaluru,South Indian,Idli,2025-06-28,142,127,15,26,Sunny,Yes,No,5,60,3.77
R002,Urban Bites,Bengaluru,North Indian,Paneer Butter Masala,2025-03-12,80,43,37,26,Sunny,No,No,0,24,9.33
R001,Spice Garden,Chennai,South Indian,Idli,2025-09-02,264,205,59,27,Sunny,No,No,10,250,18.96
R004,Food Hub,Coimbatore,North Indian,Paneer Butter Masala,2025-08-29,240,188,52,38,Cloudy,No,No,10,128,15.75
R004,Food Hub,Coimbatore,South Indian,Pongal,2025-02-26,89,73,16,23,Cloudy,No,Yes,5,37,4.73
R004,Food Hub,Coimbatore,Chinese,Manchurian,2025-09-14,128,95,33,35,Rainy,Yes,No,10,43,8.87
R002,Urban Bites,Bengaluru,North Indian,Naan,2025-11-13,64,43,21,27,Rainy,No,No,20,24,5.48
R004,Food Hub,Coimbatore,Italian,Pizza,2025-01-28,255,187,68,35,Sunny,No,No,0,197,16.43
R003,Ocean Treat,Hyderabad,South Indian,Dosa,2025-05-25,91,76,15,24,Sunny,Yes,No,0,48,4.33
R001,Spice Garden,Chennai,North Indian,Naan,2025-02-13,300,236,64,23,Cloudy,No,No,15,273,14.94
R003,Ocean Treat,Hyderabad,South Indian,Pongal,2025-05-25,295,262,33,28,Sunny,Yes,No,15,146,6.49
R004,Food Hub,Coimbatore,South Indian,Dosa,2025-01-13,200,109,91,37,Cloudy,No,No,0,90,18.72
R004,Food Hub,Coimbatore,South Indian,Idli,2025-04-29,276,202,74,26,Rainy,No,No,5,92,20.98
R005,Green Bowl,Mumbai,Chinese,Noodles,2025-03-09,136,123,13,35,Sunny,Yes,No,25,65,3.2
R002,Urban Bites,Bengaluru,South Indian,Dosa,2025-10-18,210,158,52,25,Rainy,Yes,No,5,78,16.41
R001,Spice Garden,Chennai,Italian,Pizza,2025-08-21,130,84,46,31,Sunny,No,No,10,52,11.04
R001,Spice Garden,Chennai,North Indian,Biryani,2025-08-24,116,91,25,30,Rainy,Yes,No,15,93,6.92
R001,Spice Garden,Chennai,Chinese,Noodles,2025-07-25,154,121,33,26,Sunny,No,No,20,61,11.28
R003,Ocean Treat,Hyderabad,South Indian,Meals,2025-09-17,165,161,4,23,Cloudy,No,No,25,90,1.1
R002,Urban Bites,Bengaluru,South Indian,Pongal,2025-07-12,90,90,0,24,Sunny,Yes,No,15,51,0.0
R004,Food Hub,Coimbatore,Italian,Pizza,2025-02-13,96,59,37,34,Rainy,No,No,5,46,10.46
R002,Urban Bites,Bengaluru,Italian,Pizza,2025-05-23,166,130,36,26,Rainy,No,Yes,5,76,8.44
R001,Spice Garden,Chennai,Italian,Pizza,2025-07-05,252,234,18,37,Sunny,Yes,No,5,133,4.07
R002,Urban Bites,Bengaluru,South Indian,Dosa,2025-02-05,120,62,58,31,Rainy,No,No,15,30,15.61
R003,Ocean Treat,Hyderabad,North Indian,Paneer Butter Masala,2025-02-17,279,194,85,32,Rainy,No,No,10,139,22.17
R002,Urban Bites,Bengaluru,Italian,Pasta,2025-12-21,196,190,6,22,Cloudy,Yes,No,20,176,1.82
R005,Green Bowl,Mumbai,North Indian,Naan,2025-12-07,260,252,8,32,Sunny,Yes,No,15,202,2.52
R004,Food Hub,Coimbatore,Chinese,Manchurian,2025-01-02,165,129,36,26,Cloudy,No,No,25,59,7.08
R002,Urban Bites,Bengaluru,North Indian,Naan,2025-12-23,189,180,9,34,Sunny,No,No,5,111,1.64
R003,Ocean Treat,Hyderabad,South Indian,Pongal,2025-06-07,178,150,28,25,Cloudy,Yes,No,25,68,7.01
R003,Ocean Treat,Hyderabad,Chinese,Manchurian,2025-08-07,183,123,60,32,Sunny,No,No,5,78,12.46
R004,Food Hub,Coimbatore,Italian,Pasta,2025-12-04,226,173,53,31,Cloudy,No,No,0,78,16.8
R001,Spice Garden,Chennai,South Indian,Idli,2025-11-12,288,245,43,37,Cloudy,No,No,20,172,11.99
R001,Spice Garden,Chennai,Chinese,Noodles,2025-04-19,107,85,22,39,Sunny,Yes,No,5,42,7.52
R003,Ocean Treat,Hyderabad,Italian,Pasta,2025-11-27,230,176,54,34,Sunny,No,No,10,149,15.77
R003,Ocean Treat,Hyderabad,Italian,Pizza,2025-01-03,280,192,88,23,Sunny,No,No,5,100,28.42
R005,Green Bowl,Mumbai,Chinese,Noodles,2025-03-29,295,276,19,35,Sunny,Yes,No,15,140,6.01
R005,Green Bowl,Mumbai,Italian,Pizza,2025-11-22,149,143,6,27,Sunny,Yes,No,10,93,1.53
R001,Spice Garden,Chennai,North Indian,Biryani,2025-03-02,211,199,12,34,Rainy,Yes,No,25,194,2.82
R001,Spice Garden,Chennai,South Indian,Idli,2025-08-12,52,28,24,40,Sunny,No,No,20,15,8.08
R001,Spice Garden,Chennai,Italian,Pizza,2025-03-08,166,161,5,33,Sunny,Yes,No,25,103,1.11
R004,Food Hub,Coimbatore,Chinese,Manchurian,2025-01-27,120,92,28,26,Cloudy,No,No,25,42,9.17
R001,Spice Garden,Chennai,Italian,Pizza,2025-02-24,86,86,0,27,Sunny,No,No,15,78,0.0
R001,Spice Garden,Chennai,Italian,Pizza,2025-09-07,295,241,54,28,Cloudy,Yes,No,15,117,15.54
R004,Food Hub,Coimbatore,North Indian,Paneer Butter Masala,2025-06-02,52,49,3,40,Cloudy,No,No,0,38,1.05
R005,Green Bowl,Mumbai,South Indian,Dosa,2025-09-25,239,188,51,25,Sunny,No,No,0,121,13.67
R002,Urban Bites,Bengaluru,North Indian,Naan,2025-02-28,280,205,75,32,Sunny,No,No,0,174,19.64
R001,Spice Garden,Chennai,Chinese,Manchurian,2025-10-10,216,144,72,37,Sunny,No,No,15,68,16.02
R002,Urban Bites,Bengaluru,Chinese,Noodles,2025-02-22,199,181,18,40,Sunny,Yes,No,5,88,4.54
R003,Ocean Treat,Hyderabad,Chinese,Manchurian,2025-02-25,205,148,57,28,Cloudy,No,No,10,71,18.2
R004,Food Hub,Coimbatore,North Indian,Paneer Butter Masala,2025-09-19,114,112,2,31,Cloudy,No,No,25,82,0.4
R003,Ocean Treat,Hyderabad,Italian,Pizza,2025-07-03,112,89,23,33,Sunny,No,Yes,10,91,5.39
R001,Spice Garden,Chennai,Chinese,Fried Rice,2025-08-27,195,159,36,29,Cloudy,No,No,15,143,9.91
R005,Green Bowl,Mumbai,South Indian,Meals,2025-12-16,243,192,51,32,Sunny,No,No,0,99,13.5
R003,Ocean Treat,Hyderabad,Italian,Pizza,2025-03-05,165,112,53,32,Cloudy,No,No,5,65,17.25
R001,Spice Garden,Chennai,Italian,Pasta,2025-03-09,265,214,51,23,Rainy,Yes,No,20,250,14.77
R001,Spice Garden,Chennai,Italian,Pizza,2025-08-01,235,198,37,32,Rainy,No,No,15,132,6.96
R003,Ocean Treat,Hyderabad,Italian,Pasta,2025-11-25,297,211,86,33,Rainy,No,No,0,250,16.18
R001,Spice Garden,Chennai,North Indian,Paneer Butter Masala,2025-06-15,270,235,35,35,Sunny,Yes,No,0,178,11.67
R001,Spice Garden,Chennai,South Indian,Pongal,2025-01-23,78,78,0,31,Sunny,No,Yes,10,44,0.0
R004,Food Hub,Coimbatore,Chinese,Manchurian,2025-03-29,286,253,33,36,Sunny,Yes,No,10,123,11.36
R004,Food Hub,Coimbatore,Italian,Pizza,2025-09-25,185,119,66,37,Cloudy,No,No,10,95,20.08
R002,Urban Bites,Bengaluru,South Indian,Pongal,2025-06-01,232,160,72,39,Rainy,Yes,No,5,147,13.91
R004,Food Hub,Coimbatore,South Indian,Dosa,2025-01-07,221,145,76,34,Sunny,No,No,0,113,24.2
R005,Green Bowl,Mumbai,Chinese,Noodles,2025-12-29,166,127,39,38,Sunny,No,No,5,58,12.77
R005,Green Bowl,Mumbai,North Indian,Naan,2025-04-07,67,67,0,27,Cloudy,No,No,20,39,0.0
R001,Spice Garden,Chennai,South Indian,Dosa,2025-01-09,278,217,61,30,Sunny,No,No,25,224,16.69
R003,Ocean Treat,Hyderabad,Italian,Pizza,2025-03-19,151,122,29,38,Sunny,No,No,15,103,5.7
R004,Food Hub,Coimbatore,Italian,Pizza,2025-05-31,98,82,16,30,Cloudy,Yes,No,15,94,3.56
R001,Spice Garden,Chennai,North Indian,Paneer Butter Masala,2025-01-28,279,258,21,30,Sunny,No,Yes,20,274,4.59
R005,Green Bowl,Mumbai,Italian,Pasta,2025-07-21,75,59,16,30,Sunny,No,No,5,49,4.5
R001,Spice Garden,Chennai,South Indian,Dosa,2025-09-15,282,220,62,37,Cloudy,No,No,25,193,14.48
R001,Spice Garden,Chennai,North Indian,Paneer Butter Masala,2025-06-20,280,227,53,22,Cloudy,No,No,15,194,10.23
R001,Spice Garden,Chennai,Chinese,Noodles,2025-10-26,50,49,1,29,Sunny,Yes,No,0,25,0.28
R003,Ocean Treat,Hyderabad,North Indian,Biryani,2025-09-15,92,67,25,25,Sunny,No,No,25,51,6.82
R004,Food Hub,Coimbatore,Chinese,Noodles,2025-08-23,53,53,0,31,Cloudy,Yes,No,20,28,0.0
R005,Green Bowl,Mumbai,Italian,Pizza,2025-05-19,225,200,25,22,Sunny,No,No,15,200,6.62
R002,Urban Bites,Bengaluru,Italian,Pasta,2025-04-16,240,162,78,34,Cloudy,No,No,10,79,23.04
R004,Food Hub,Coimbatore,North Indian,Naan,2025-12-14,139,113,26,34,Cloudy,Yes,No,10,73,6.2
R005,Green Bowl,Mumbai,South Indian,Meals,2025-08-21,195,150,45,33,Sunny,No,No,0,100,13.34
R004,Food Hub,Coimbatore,North Indian,Biryani,2025-05-29,209,168,41,27,Sunny,No,No,10,117,8.89
R005,Green Bowl,Mumbai,South Indian,Idli,2025-09-08,128,113,15,33,Cloudy,No,Yes,0,129,3.05
R003,Ocean Treat,Hyderabad,North Indian,Paneer Butter Masala,2025-05-19,86,63,23,28,Sunny,No,No,0,29,5.11
R004,Food Hub,Coimbatore,Italian,Pasta,2025-02-20,278,212,66,31,Cloudy,No,No,5,133,19.5
R003,Ocean Treat,Hyderabad,North Indian,Biryani,2025-04-13,114,111,3,39,Sunny,Yes,No,10,66,0.82
R004,Food Hub,Coimbatore,Italian,Pizza,2025-03-12,184,162,22,32,Cloudy,No,No,25,90,5.71
R004,Food Hub,Coimbatore,Italian,Pasta,2025-07-30,168,163,5,39,Sunny,No,Yes,15,78,1.57
R005,Green Bowl,Mumbai,Chinese,Fried Rice,2025-11-14,189,161,28,31,Sunny,No,No,15,164,8.23
R004,Food Hub,Coimbatore,Italian,Pizza,2025-02-13,64,56,8,25,Sunny,No,No,0,31,2.62
R001,Spice Garden,Chennai,South Indian,Dosa,2025-09-22,86,53,33,37,Sunny,No,No,25,31,6.81
R003,Ocean Treat,Hyderabad,South Indian,Meals,2025-11-16,226,218,8,24,Sunny,Yes,No,20,190,1.58
R001,Spice Garden,Chennai,Italian,Pasta,2025-01-29,287,202,85,34,Sunny,No,No,5,103,27.46
R005,Green Bowl,Mumbai,Chinese,Manchurian,2025-12-15,162,142,20,25,Sunny,No,No,25,77,4.42
R005,Green Bowl,Mumbai,North Indian,Naan,2025-09-03,124,94,30,25,Rainy,No,No,15,71,6.8
R004,Food Hub,Coimbatore,South Indian,Meals,2025-08-02,258,212,46,22,Sunny,Yes,No,0,173,13.32
R005,Green Bowl,Mumbai,Italian,Pizza,2025-07-01,296,221,75,36,Sunny,No,No,5,169,24.41
R005,Green Bowl,Mumbai,North Indian,Naan,2025-12-28,184,138,46,24,Sunny,Yes,No,5,108,13.87
R002,Urban Bites,Bengaluru,Chinese,Manchurian,2025-06-05,286,256,30,37,Sunny,No,No,15,155,6.32
R005,Green Bowl,Mumbai,Chinese,Fried Rice,2025-12-24,132,112,20,40,Sunny,No,No,20,133,6.09
R002,Urban Bites,Bengaluru,South Indian,Idli,2025-09-13,289,234,55,32,Rainy,Yes,No,25,122,10.89
R002,Urban Bites,Bengaluru,Italian,Pasta,2025-02-02,65,65,0,25,Sunny,Yes,No,25,39,0.0
R002,Urban Bites,Bengaluru,Chinese,Fried Rice,2025-12-24,165,135,30,40,Cloudy,No,No,5,117,7.63
R003,Ocean Treat,Hyderabad,North Indian,Paneer Butter Masala,2025-03-24,161,105,56,28,Sunny,No,No,0,96,17.79
R001,Spice Garden,Chennai,Chinese,Noodles,2025-10-18,189,155,34,32,Sunny,Yes,No,25,72,10.33
R005,Green Bowl,Mumbai,Italian,Pizza,2025-04-17,196,186,10,38,Sunny,No,No,20,96,2.55
R004,Food Hub,Coimbatore,South Indian,Idli,2025-03-07,250,170,80,25,Sunny,No,No,5,194,21.75
R001,Spice Garden,Chennai,North Indian,Naan,2025-05-09,149,105,44,24,Rainy,No,No,5,65,14.3
R005,Green Bowl,Mumbai,Chinese,Noodles,2025-11-13,64,46,18,25,Cloudy,No,No,10,26,3.34
R004,Food Hub,Coimbatore,Chinese,Fried Rice,2025-06-21,277,239,38,26,Sunny,Yes,No,25,115,7.24
R004,Food Hub,Coimbatore,South Indian,Idli,2025-06-27,68,68,0,24,Rainy,No,No,15,31,0.0
R001,Spice Garden,Chennai,South Indian,Idli,2025-09-12,179,140,39,33,Sunny,No,No,10,125,13.19
R001,Spice Garden,Chennai,North Indian,Biryani,2025-11-08,270,194,76,22,Cloudy,Yes,No,0,144,18.55
R002,Urban Bites,Bengaluru,Italian,Pasta,2025-10-09,85,48,37,25,Rainy,No,No,10,23,8.16
R001,Spice Garden,Chennai,South Indian,Dosa,2025-07-31,241,191,50,39,Cloudy,No,No,0,94,11.12
R001,Spice Garden,Chennai,South Indian,Idli,2025-03-06,162,128,34,23,Sunny,No,No,20,105,9.62
R004,Food Hub,Coimbatore,South Indian,Idli,2025-02-09,114,94,20,28,Sunny,Yes,No,25,48,6.65
R002,Urban Bites,Bengaluru,Italian,Pasta,2025-07-07,249,178,71,29,Cloudy,No,No,10,188,16.96
R004,Food Hub,Coimbatore,Italian,Pasta,2025-02-10,102,101,1,38,Sunny,No,No,25,64,0.2
R002,Urban Bites,Bengaluru,South Indian,Dosa,2025-12-24,162,104,58,36,Rainy,No,No,0,87,14.23
R001,Spice Garden,Chennai,South Indian,Pongal,2025-11-09,148,122,26,34,Sunny,Yes,No,0,109,6.36
R004,Food Hub,Coimbatore,South Indian,Pongal,2025-01-17,188,154,34,22,Rainy,No,No,10,79,9.54
R001,Spice Garden,Chennai,Chinese,Manchurian,2025-11-15,161,118,43,23,Rainy,Yes,No,20,87,13.01
R003,Ocean Treat,Hyderabad,Italian,Pasta,2025-10-21,234,148,86,38,Sunny,No,No,15,130,28.75
R003,Ocean Treat,Hyderabad,Chinese,Fried Rice,2025-05-08,247,194,53,32,Cloudy,No,No,0,116,12.8
R003,Ocean Treat,Hyderabad,South Indian,Idli,2025-06-07,195,146,49,30,Rainy,Yes,No,15,100,16.87
R004,Food Hub,Coimbatore,North Indian,Naan,2025-01-30,198,152,46,30,Rainy,No,No,20,122,8.78
R002,Urban Bites,Bengaluru,Chinese,Noodles,2025-05-13,272,219,53,29,Cloudy,No,No,5,194,15.44
R002,Urban Bites,Bengaluru,Italian,Pasta,2025-01-22,191,112,79,23,Rainy,No,No,10,51,14.44
R003,Ocean Treat,Hyderabad,South Indian,Dosa,2025-06-29,77,72,5,36,Sunny,Yes,Yes,0,54,1.6
R004,Food Hub,Coimbatore,South Indian,Meals,2025-05-25,86,86,0,33,Sunny,Yes,Yes,15,41,0.0
R003,Ocean Treat,Hyderabad,South Indian,Dosa,2025-07-08,61,48,13,26,Rainy,No,No,0,38,3.92
R005,Green Bowl,Mumbai,Chinese,Fried Rice,2025-07-13,262,244,18,26,Sunny,Yes,No,25,268,3.48
R002,Urban Bites,Bengaluru,Italian,Pizza,2025-09-28,254,245,9,37,Cloudy,Yes,Yes,20,124,2.07
R002,Urban Bites,Bengaluru,Chinese,Fried Rice,2025-07-05,109,103,6,25,Cloudy,Yes,No,15,56,1.98
R003,Ocean Treat,Hyderabad,South Indian,Pongal,2025-10-14,179,169,10,33,Cloudy,No,Yes,20,150,3.21
R002,Urban Bites,Bengaluru,North Indian,Naan,2025-12-12,199,159,40,30,Rainy,No,No,10,128,7.75
R004,Food Hub,Coimbatore,North Indian,Biryani,2025-09-11,211,165,46,28,Rainy,No,No,15,141,12.62
R004,Food Hub,Coimbatore,South Indian,Dosa,2025-01-18,263,197,66,27,Rainy,Yes,No,5,129,17.82
R004,Food Hub,Coimbatore,Italian,Pasta,2025-03-07,152,99,53,29,Cloudy,No,No,0,77,15.02
R001,Spice Garden,Chennai,South Indian,Idli,2025-07-01,293,267,26,35,Cloudy,No,No,25,135,5.96
R004,Food Hub,Coimbatore,North Indian,Biryani,2025-04-04,235,164,71,38,Sunny,No,No,0,95,17.36
R004,Food Hub,Coimbatore,North Indian,Biryani,2025-10-29,121,92,29,25,Sunny,No,No,15,72,8.0
